domain;date
000webhostapp.com;09/10/2025
01net.it;09/10/2025
1001solutions.net;09/10/2025
1045thedan.com;09/10/2025
1077lakefm.com;09/10/2025
119news.net;09/10/2025
1cl.in;09/10/2025
24-7reporters.com;09/10/2025
24news1.kr;09/10/2025
24usnews.com;09/10/2025
25news.co.kr;09/10/2025
3wzfm.com;09/10/2025
4semanas.com;09/10/2025
4xforum.co.za;09/10/2025
5g-iot-module.com;09/10/2025
5starsdiscovery.com;09/10/2025
680thefan.com;09/10/2025
7riverslivestock.com;09/10/2025
86shangren.com;09/10/2025
88iv.com;09/10/2025
953hlf.com;09/10/2025
967thewolf.net;09/10/2025
967wshv.com;09/10/2025
aa.com.tr;09/10/2025
aap.com.au;09/10/2025
abc24.it;09/10/2025
accessth.com;09/10/2025
acnnewswire.com;09/10/2025
acre.com.br;09/10/2025
acrofan.com;09/10/2025
acrofan.tw;09/10/2025
actionswift.com;09/10/2025
activity-reports.ru;09/10/2025
ad-hoc-news.de;09/10/2025
ademagnaye.com;09/10/2025
adrnews.co.kr;09/10/2025
adslsouthafrica.co.za;09/10/2025
adtechph.com;09/10/2025
advfn.com;09/10/2025
aeconomy.ru;09/10/2025
aeropres.net;09/10/2025
aetoswire.com;09/10/2025
afishatoday.ru;09/10/2025
afntijuana.info;09/10/2025
afp.com;09/10/2025
afpbb.com;09/10/2025
africdaily.com;09/10/2025
agara.co.jp;09/10/2025
agbest.com;09/10/2025
agrail.com;09/10/2025
agricharts.com;09/10/2025
agriwaypartners.com;09/10/2025
agrowstar.com;09/10/2025
agsouthwest.com;09/10/2025
agtrade.com;09/10/2025
aijourn.com;09/10/2025
airdrieecho.com;09/10/2025
airtimes.my;09/10/2025
aisakorea.com;09/10/2025
ajmannews.ae;09/10/2025
akdenizmanset.com.tr;09/10/2025
akhbarharian.com;09/10/2025
aksaydaily.com;09/10/2025
aktualitysk.sk;09/10/2025
al-hadth.com;09/10/2025
alabamanow.com;09/10/2025
alaskanewsdesk.com;09/10/2025
albanynewsnow.com;09/10/2025
albertleatribune.com;09/10/2025
albuquerqueexpress.com;09/10/2025
alestadnews.com;09/10/2025
alexadaily.com;09/10/2025
alexcityoutlook.com;09/10/2025
algeriabusinessinfo.com;09/10/2025
algeriatimes.info;09/10/2025
alhadathalekhbarya.com;09/10/2025
allcitytimes.com;09/10/2025
allepersberichten.nl;09/10/2025
allsportstoday.com;09/10/2025
allstatejournal.com;09/10/2025
almatareed.org;09/10/2025
alpsbiz.com;09/10/2025
alrassid.com;09/10/2025
alshaminfo.com;09/10/2025
alshbaka.net;09/10/2025
altervista.org;09/10/2025
altodirectivo.com;09/10/2025
alvacoop.com;09/10/2025
am-news.com;09/10/2025
amaalliance.org;09/10/2025
amchamvietnam.com;09/10/2025
ameblo.jp;09/10/2025
americanpress.com;09/10/2025
americanrodeo.com;09/10/2025
americustimesrecorder.com;09/10/2025
ameritrade.com;09/10/2025
ammannewsdaily.com;09/10/2025
amnews.com;09/10/2025
andalusiastarnews.com;09/10/2025
androidist.net;09/10/2025
aneyefornews.com;09/10/2025
annapolisnewsupdates.com;09/10/2025
annatimes.com;09/10/2025
ansa.it;09/10/2025
antarapress.com;09/10/2025
antoncoop.com;09/10/2025
aotter.net;09/10/2025
apachecoop.com;09/10/2025
apnews.com;09/10/2025
appjournal.kr;09/10/2025
appledaily.com;09/10/2025
appliancesglobal.com;09/10/2025
arabigin.com;09/10/2025
araucanianoticias.cl;09/10/2025
argus-press.com;09/10/2025
arizonanews-online.com;09/10/2025
artdesigndaily.com;09/10/2025
article-marketing.eu;09/10/2025
article-writer.ru;09/10/2025
articleted.com;09/10/2025
articulosgratis.com;09/10/2025
artikel-marketing.com;09/10/2025
artikel-presse.de;09/10/2025
artikel24.nl;09/10/2025
artikelplaatsen.net;09/10/2025
artikelplanner.nl;09/10/2025
artikelpost.nl;09/10/2025
artikelschrijver.nl;09/10/2025
artikelspeicher.de;09/10/2025
asahi.com;09/10/2025
asahidaily.com;09/10/2025
aseanbriefing.com;09/10/2025
aseancoverage.com;09/10/2025
aseanfun.com;09/10/2025
aseanscoop.com;09/10/2025
aseantrend.com;09/10/2025
ashlandtownnews.com;09/10/2025
asiabiztoday.com;09/10/2025
asiaease.com;09/10/2025
asiaexcite.com;09/10/2025
asiafeatured.com;09/10/2025
asiafoodbeverage.com;09/10/2025
asiafsp.org;09/10/2025
asiainsiders.net;09/10/2025
asialogue.com;09/10/2025
asianfoodtourist.com;09/10/2025
asianjourneys.com.sg;09/10/2025
asianspectator.com;09/10/2025
asiaone.com;09/10/2025
asiapevc.com;09/10/2025
asiashift.com;09/10/2025
asiatimenews.com;09/10/2025
asiatokenfund.com;09/10/2025
asiaviralnews.com;09/10/2025
assemblynews.co.kr;09/10/2025
assetarena.space;09/10/2025
assetavenues.space;09/10/2025
atlanta-chronicle.com;09/10/2025
atlantaleader.com;09/10/2025
atlantanews-online.com;09/10/2025
atmoreadvance.com;09/10/2025
augustafarmers.com;09/10/2025
augustaheadlines.com;09/10/2025
aumorning.com;09/10/2025
austin-online.com;09/10/2025
austindailyherald.com;09/10/2025
austinnews.net;09/10/2025
australiaup.com;09/10/2025
austriaweekly.com;09/10/2025
autoaffair.space;09/10/2025
autoandtech.com;09/10/2025
autodaily.de;09/10/2025
autodailyreport.com;09/10/2025
autoelettricheclubitalia.it;09/10/2025
autotimes.co.uk;09/10/2025
avtolubitelyam.ru;09/10/2025
azadnewsarabic.com;09/10/2025
azaliaelevator.com;09/10/2025
azcentral.com;09/10/2025
b-stringer.ru;09/10/2025
b2b-cambodia.com;09/10/2025
backecainfo.it;09/10/2025
backingnews.com;09/10/2025
backlinksplaatsen.com;09/10/2025
bahrainbiznews.com;09/10/2025
bajetharian.com;09/10/2025
bakersfield.com;09/10/2025
baltimorestar.com;09/10/2025
bambuup.com;09/10/2025
bandsnews.com;09/10/2025
bangkokok.com;09/10/2025
bangkoktime.org;09/10/2025
bankingfrontiers.com;09/10/2025
bankingreporter.com;09/10/2025
bannercoop.net;09/10/2025
baosongngu.net;09/10/2025
bar-g.com;09/10/2025
barchart.com;09/10/2025
bashitiyu.com;09/10/2025
batonrougenewsreporter.com;09/10/2025
bbklyw.com;09/10/2025
bchcassets.com;09/10/2025
bchcbitcherry.com;09/10/2025
bchcchain.com;09/10/2025
bchccoin.com;09/10/2025
bchcglobal.com;09/10/2025
beardsleyfe.com;09/10/2025
beauregardnews.com;09/10/2025
beautyviewdaily.com;09/10/2025
bebeez.it;09/10/2025
beforeitsnews.us;09/10/2025
beirutbizreport.com;09/10/2025
belfastnews.net;09/10/2025
belge.com.tr;09/10/2025
benmorning.com;09/10/2025
bentoncourier.com;09/10/2025
benzinga.com;09/10/2025
bergentidene.com;09/10/2025
berlindaily.eu;09/10/2025
bernama.com;09/10/2025
bernamamobile.com;09/10/2025
bestbusinessnewspaper.com;09/10/2025
bestlifestylesite.com;09/10/2025
beststockmarketnews.com;09/10/2025
bibitv.org;09/10/2025
bierigrain.com;09/10/2025
big-experts.ru;09/10/2025
bignewsnetwork.com;09/10/2025
bigspringherald.com;09/10/2025
bigtalkerradio.com;09/10/2025
bigtransfers.ru;09/10/2025
bilitime.com;09/10/2025
biokansas.org;09/10/2025
biotechgate.com;09/10/2025
birdsallgrainandseed.com;09/10/2025
birminghamnews.net;09/10/2025
bismarcknewsupdates.com;09/10/2025
bit.ly;09/10/2025
bitbitdaily.com;09/10/2025
bitboosters.site;09/10/2025
bitcherrybchc.com;09/10/2025
bitsavvy.site;09/10/2025
bittok.club;09/10/2025
bittok.vip;09/10/2025
bittokchain.com;09/10/2025
bittokcoin.club;09/10/2025
bittokcoin.com;09/10/2025
bittoknews.com;09/10/2025
biz-events.ru;09/10/2025
biz-kat.ru;09/10/2025
bizbangboom.com;09/10/2025
bizdailyonline.com;09/10/2025
bizdirectasia.com;09/10/2025
bizhub.vn;09/10/2025
bizkh.asia;09/10/2025
biznachrichten.com;09/10/2025
biznclub.ru;09/10/2025
bizwireexpress.com;09/10/2025
blockbazaar.space;09/10/2025
blockbrew.site;09/10/2025
blockchainbeacon.space;09/10/2025
blockchainboost.site;09/10/2025
blockchainboosters.online;09/10/2025
blockchainbuddies.space;09/10/2025
blockchainbyte.space;09/10/2025
blockchainhk.space;09/10/2025
blockchainjapan.fun;09/10/2025
blockchainkorea.fun;09/10/2025
blockchainnewstw.online;09/10/2025
blockchaintw.ink;09/10/2025
blockchainwave.space;09/10/2025
blockdit.com;09/10/2025
blockexplorers.space;09/10/2025
blocklime.com;09/10/2025
blog-perfumes.pt;09/10/2025
blogarama.com;09/10/2025
bloggang.com;09/10/2025
blogkiemtien.top;09/10/2025
blogspot.com;09/10/2025
bloomberg.com;09/10/2025
bloomingtonlivestock.com;09/10/2025
bluegrasslive.com;09/10/2025
bmhtoday.com;09/10/2025
boerse.de;09/10/2025
bogalusadailynews.com;09/10/2025
boisenewsnow.com;09/10/2025
boltmarketingllc.com;09/10/2025
boreal.org;09/10/2025
borgernewsherald.com;09/10/2025
borneonews.net;09/10/2025
bostonginco.com;09/10/2025
bostonnewsdesk.com;09/10/2025
bostonstar.com;09/10/2025
botaidaily.com;09/10/2025
boursica.com;09/10/2025
bradfordvillebugle.com;09/10/2025
brand-do.ru;09/10/2025
brandinginasia.com;09/10/2025
brandspaceonline.com;09/10/2025
brantfordexpositor.ca;09/10/2025
brasil247.com;09/10/2025
bravofilipino.com;09/10/2025
breakingnewsfinancial.com;09/10/2025
breaknews.com;09/10/2025
brewtonstandard.com;09/10/2025
briefingwire.com;09/10/2025
britishft.com;09/10/2025
broadcastmagz.com;09/10/2025
brodaily.com;09/10/2025
brtagandturf.net;09/10/2025
bruglermarketing.com;09/10/2025
bsozd.com;09/10/2025
btchain.vip;09/10/2025
bucheontech.com;09/10/2025
bucheontimes.com;09/10/2025
budiputra.com;09/10/2025
buffalonews.com;09/10/2025
buffalonynews.net;09/10/2025
bulgarianews.net;09/10/2025
burlingame.com;09/10/2025
bursakl.com;09/10/2025
busanonline.com;09/10/2025
business-common.ru;09/10/2025
business-key.com;09/10/2025
business-post.ru;09/10/2025
business-top.info;09/10/2025
businessdailymedia.com;09/10/2025
businessdiary.com.ph;09/10/2025
businesses.com.au;09/10/2025
businessfocus.io;09/10/2025
businessinsider.com;09/10/2025
businessnews.com.my;09/10/2025
businessnews.ph;09/10/2025
businessnewsasia.com;09/10/2025
businessnewsthisweek.com;09/10/2025
businesspress24.com;09/10/2025
businesstimes.com.hk;09/10/2025
businessvantageviews.com;09/10/2025
businesswire.com;09/10/2025
businesswire.de;09/10/2025
businesswire.fr;09/10/2025
businesswire.it;09/10/2025
busiprof.ru;09/10/2025
butterfieldgrain.com;09/10/2025
buzzhongkong.com;09/10/2025
buzzingasia.com;09/10/2025
buzzingglobe.com;09/10/2025
buzzonlinedaily.com;09/10/2025
bzeronews.com;09/10/2025
caifuhk.com;09/10/2025
caifutw.com;09/10/2025
caijinginfo.com;09/10/2025
cainagra.net;09/10/2025
calgaryherald.com;09/10/2025
calgarymonitor.com;09/10/2025
calgarysun.com;09/10/2025
californianewsreporter.com;09/10/2025
camerongrain.com;09/10/2025
canada.com;09/10/2025
canadianinsider.com;09/10/2025
canadianview.ca;09/10/2025
canoe.com;09/10/2025
capecorallivingmagazine.com;09/10/2025
capital.asia;09/10/2025
capitalclimbers.ink;09/10/2025
capitalcorner.ink;09/10/2025
capitalcrush.wiki;09/10/2025
capitalsydney.com;09/10/2025
capitalvaults.space;09/10/2025
carcircuit.space;09/10/2025
carclubhouse.fun;09/10/2025
carcompanions.space;09/10/2025
carconnections.fun;09/10/2025
carhome.co.in;09/10/2025
carmencoop.com;09/10/2025
carnegiecoop.com;09/10/2025
carsoncityheadlines.com;09/10/2025
cashwiseinvesting.online;09/10/2025
cat-1-module.com;09/10/2025
catimes.org;09/10/2025
cbs17.com;09/10/2025
ccnewsline.co.kr;09/10/2025
ccsimin.com;09/10/2025
cctimes.org;09/10/2025
cdrfarmsllc.com;09/10/2025
cedarcountycoop.com;09/10/2025
ceith.ru;09/10/2025
celebwired.com;09/10/2025
centralcharts.com;09/10/2025
centralnewstoday.com;09/10/2025
centralplainstrading.com;09/10/2025
centuryarab.com;09/10/2025
ceo.ca;09/10/2025
cfgag.net;09/10/2025
cgsmc.com;09/10/2025
chainchampions.wiki;09/10/2025
chainclimb.wiki;09/10/2025
chaincognizant.online;09/10/2025
chainconnection.site;09/10/2025
chaincrafts.wiki;09/10/2025
chaincreators.ink;09/10/2025
chainsavants.online;09/10/2025
chaintrackers.ink;09/10/2025
chainwave.space;09/10/2025
chandlerfeed.com;09/10/2025
chanjingnews.com;09/10/2025
channelbiz.es;09/10/2025
charlestonnewsonline.com;09/10/2025
charlottenews.net;09/10/2025
charmdaily.com;09/10/2025
chathamdailynews.ca;09/10/2025
chathamthisweek.com;09/10/2025
chemicalsdaily.com;09/10/2025
cherokeegin.com;09/10/2025
chestercounty.com;09/10/2025
cheyennejournal.com;09/10/2025
chibanippo.co.jp;09/10/2025
chicagochronicle.com;09/10/2025
chillhype.com;09/10/2025
chillicothevoice.com;09/10/2025
china-briefing.com;09/10/2025
china.com.cn;09/10/2025
chinaconnect.fr;09/10/2025
chinagoabroad.com;09/10/2025
chinascreendaily.com;09/10/2025
chinatimes.com;09/10/2025
chine-magazine.com;09/10/2025
chinesewire.com;09/10/2025
chlnesetoday.com;09/10/2025
choicecotton.com;09/10/2025
choise-is.ru;09/10/2025
chroniclejournal.com;09/10/2025
chubunnews.com;09/10/2025
chungjutravel.com;09/10/2025
chungnamonline.com;09/10/2025
cincinnatinews.net;09/10/2025
citizentribune.com;09/10/2025
cityplusfm.my;09/10/2025
ciudadregion.com;09/10/2025
cknews.co.kr;09/10/2025
claiborneprogress.net;09/10/2025
clantonadvertiser.com;09/10/2025
claremarfarms.com;09/10/2025
clearviewgrain.com;09/10/2025
clemmonscourier.net;09/10/2025
clevelandstar.com;09/10/2025
cli9news.com;09/10/2025
clintonnewsrecord.com;09/10/2025
cloveraardklop.co.za;09/10/2025
clumba.su;09/10/2025
cmni.news;09/10/2025
cncainews.com;09/10/2025
cnet.com;09/10/2025
cnews.ru;09/10/2025
cnlyxxw.com;09/10/2025
cntoday.net;09/10/2025
cnyingping.com;09/10/2025
coastalnewsnow.com;09/10/2025
cobioscience.com;09/10/2025
cochranetimes.com;09/10/2025
cochranetimespost.ca;09/10/2025
coinblock.asia;09/10/2025
coincurators.online;09/10/2025
coinnews.vip;09/10/2025
coldlakesun.com;09/10/2025
collwestgrain.com;09/10/2025
colombia.com;09/10/2025
coloradonewsdesk.com;09/10/2025
columbiabusinessmonthly.com;09/10/2025
columbianewsupdates.com;09/10/2025
columbusnewsonline.com;09/10/2025
comdirect.de;09/10/2025
communitypress.ca;09/10/2025
compartir-tecnologias.es;09/10/2025
componentsglobal.com;09/10/2025
computersciencedaily.com;09/10/2025
comunicae.es;09/10/2025
comunicati.eu;09/10/2025
comunicatistampagratis.it;09/10/2025
conanfinance.com;09/10/2025
concordnewsnow.com;09/10/2025
congngheviet.com;09/10/2025
connecticutchronicle.com;09/10/2025
connectiredell.net;09/10/2025
connectweb.com.au;09/10/2025
construction-property.com;09/10/2025
consumerpanel.it;09/10/2025
contentplatform.info;09/10/2025
conversationpoint.com;09/10/2025
coopservicesinc.com;09/10/2025
cordeledispatch.com;09/10/2025
corpuschristigrain.com;09/10/2025
corriere.it;09/10/2025
cortemadera.com;09/10/2025
cottonwoodheightsjournal.com;09/10/2025
countryfutures.com;09/10/2025
countrylegends1059.com;09/10/2025
countrysideagservice.com;09/10/2025
countymarket.ca;09/10/2025
countyweeklynews.ca;09/10/2025
craiggrain.com;09/10/2025
cri.cn;09/10/2025
crisismanagementcentre.com;09/10/2025
cronica.com.mx;09/10/2025
cropguardinsurance.com;09/10/2025
cross-roads.ru;09/10/2025
crweworld.com;09/10/2025
crypto-reporter.com;09/10/2025
cryptochatter.wiki;09/10/2025
cryptocrest.wiki;09/10/2025
cryptocrews.space;09/10/2025
cryptocruiser.wiki;09/10/2025
cryptocurrencypro.fun;09/10/2025
cryptodigest.wiki;09/10/2025
cryptofrenzies.space;09/10/2025
cryptofrontiers.space;09/10/2025
cryptoinsider.asia;09/10/2025
cryptolinkup.fun;09/10/2025
cryptomonnaieinfo.fr;09/10/2025
cryptopeak.wiki;09/10/2025
cryptopioneers.space;09/10/2025
cryptoprospectors.space;09/10/2025
cryptowiredaily.ink;09/10/2025
currencynews.info;09/10/2025
currentfashion.co.uk;09/10/2025
custercountychief.com;09/10/2025
cxoexposure.com;09/10/2025
cyberctm.com;09/10/2025
cylex.nl;09/10/2025
czechweekly.com;09/10/2025
dacomacoop.com;09/10/2025
daegujournal.com;09/10/2025
daejeonnews.kr;09/10/2025
daejeontraffic.com;09/10/2025
dagbladetinformation.com;09/10/2025
daily-nomad.com;09/10/2025
dailyadvent.com;09/10/2025
dailyamerican.com;09/10/2025
dailyberita.com;09/10/2025
dailybouncer.com;09/10/2025
dailybroadcaster.com;09/10/2025
dailybulletin.com.au;09/10/2025
dailycons.co.kr;09/10/2025
dailyconsumer.co.kr;09/10/2025
dailydispatcher.com;09/10/2025
dailyherald.com;09/10/2025
dailyheraldtribune.com;09/10/2025
dailyhunt.in;09/10/2025
dailyinsidescoop.com;09/10/2025
dailyjn.com;09/10/2025
dailykeji.com;09/10/2025
dailykorea.kr;09/10/2025
dailyleader.com;09/10/2025
dailylog.co.kr;09/10/2025
dailypeople.us;09/10/2025
dailyrecordnews.com;09/10/2025
dailyshimbun.com;09/10/2025
dailysportsclub.com;09/10/2025
dailysportsglobal.com;09/10/2025
dailysprinter.com;09/10/2025
dailytechgeek.com;09/10/2025
dailytimes.com.pk;09/10/2025
dailytimesleader.com;09/10/2025
dailytransparent.com;09/10/2025
dailytravelogue.com;09/10/2025
dailyworldfeed.com;09/10/2025
dailyworldweb.com;09/10/2025
dailyxtreme.com;09/10/2025
dallassun.com;09/10/2025
dalycity.com;09/10/2025
dangerdaily.com;09/10/2025
dasanjournal.co.kr;09/10/2025
daum.net;09/10/2025
davisjournal.com;09/10/2025
dawnreporter.com;09/10/2025
daytimereport.com;09/10/2025
dazhongtiyu.com;09/10/2025
dbpower.com.hk;09/10/2025
deancluckfeedyard.com;09/10/2025
dearjulius.com;09/10/2025
decaturdailydemocrat.com;09/10/2025
decentralizedhq.space;09/10/2025
deckbiz.com;09/10/2025
defencereviewasia.com;09/10/2025
defining-blog.ru;09/10/2025
deguate.com;09/10/2025
deiniolnews.com;09/10/2025
dek-d.com;09/10/2025
delawarenewsreporter.com;09/10/2025
delovoy.info;09/10/2025
demopolistimes.com;09/10/2025
dentalbrain.co.kr;09/10/2025
denvernews.net;09/10/2025
denvernewsupdates.com;09/10/2025
depressenow.com;09/10/2025
dertagesspiegel.com;09/10/2025
deshdaily.com;09/10/2025
desmoinesnewsdesk.com;09/10/2025
detroitstar.com;09/10/2025
deutsche-politik-news.de;09/10/2025
deutschenme.com;09/10/2025
deviaje.com.co;09/10/2025
devondispatch.ca;09/10/2025
devzum.com;09/10/2025
dfefarmpartners.com;09/10/2025
dgngate.com;09/10/2025
dhfocus.co.kr;09/10/2025
dhunt.in;09/10/2025
diario-abc.com;09/10/2025
diario-economia.com;09/10/2025
diariodelcusco.pe;09/10/2025
diariodepuertomontt.cl;09/10/2025
diariodevalderrueda.es;09/10/2025
diariodevaldivia.cl;09/10/2025
diariofutrono.cl;09/10/2025
diariopaillaco.cl;09/10/2025
dicasetricas.com;09/10/2025
dietclub.jp;09/10/2025
diettipsdaily.com;09/10/2025
digitalconqurer.com;09/10/2025
digitaldaily.in;09/10/2025
digitalinfo.co.kr;09/10/2025
digitaljapan.info;09/10/2025
digitaljournal.com;09/10/2025
digitallifeasia.com;09/10/2025
digitalmedianet.com;09/10/2025
digitalpressnetwork.com;09/10/2025
directortimes.com;09/10/2025
directorytogoto.com;09/10/2025
direktbroker.de;09/10/2025
dirhongkong.com;09/10/2025
discovernewsline.com;09/10/2025
disruptivetechasia.com;09/10/2025
diverhaven.com;09/10/2025
diving-nemo.ru;09/10/2025
dixongin.com;09/10/2025
dizalty.com;09/10/2025
dni24.ru;09/10/2025
doerungin.com;09/10/2025
dohainsight.com;09/10/2025
domin.co.kr;09/10/2025
dongadaily.com;09/10/2025
donongnews.com;09/10/2025
doodlekit.com;09/10/2025
doonelevator.com;09/10/2025
doransfarmers.com;09/10/2025
doshare.ru;09/10/2025
dovernewsnow.com;09/10/2025
downsouthnews.com;09/10/2025
doyletimes.com;09/10/2025
dptribune.com;09/10/2025
draperjournal.com;09/10/2025
draytonvalleywesternreview.com;09/10/2025
driscollgrain.com;09/10/2025
dsjqbw.com;09/10/2025
duantuxing.com;09/10/2025
dubaiglobalnews.com;09/10/2025
dubaiiconiclady.com;09/10/2025
dubainewstyle.com;09/10/2025
dumascoop.com;09/10/2025
dummersgrain.com;09/10/2025
duniaga.com;09/10/2025
dushixuexi.com;09/10/2025
dwelldaily.com;09/10/2025
dy-press.com;09/10/2025
dzwww.com;09/10/2025
e-4628.com;09/10/2025
e-biznes.pl;09/10/2025
e-dirt.co.za;09/10/2025
e-rumormill.com;09/10/2025
e-stardom.com;09/10/2025
eandtnews.com;09/10/2025
earl983.com;09/10/2025
earlinggrain.com;09/10/2025
earlymorninghearld.com;09/10/2025
eastcoastsentinel.com;09/10/2025
easterntribunal.com;09/10/2025
eastmud.com;09/10/2025
ebbcnews.com;09/10/2025
ebc.net.tw;09/10/2025
ebizz.co.uk;09/10/2025
ebusinessblog.co.uk;09/10/2025
ecnovosti.ru;09/10/2025
economicopt.com;09/10/2025
economyfr.com;09/10/2025
economytimes.kr;09/10/2025
editorspride.com;09/10/2025
edmontonexaminer.com;09/10/2025
edmontonjournal.com;09/10/2025
edmontonsun.com;09/10/2025
edonfarmerscoop.com;09/10/2025
efe.com;09/10/2025
efocus.co.kr;09/10/2025
egyptcmnews.com;09/10/2025
egyptdaily.org;09/10/2025
eiffelpost.com;09/10/2025
ejaraine.com;09/10/2025
ekaterintech.com;09/10/2025
elbalad140.com;09/10/2025
elbida.com;09/10/2025
elcorreografico.com.ar;09/10/2025
eldesconcierto.cl;09/10/2025
elecdaily.com;09/10/2025
electronicsb2b.com;09/10/2025
electronicsforu.com;09/10/2025
elfagrsport.com;09/10/2025
elheraldodesaltillo.mx;09/10/2025
elizabethton.com;09/10/2025
elkhart.coop;09/10/2025
elkvalleytimes.com;09/10/2025
elliotlakestandard.ca;09/10/2025
elnel-news.com;09/10/2025
emagrecimento.com.pt;09/10/2025
emarketingthailand.com;09/10/2025
emeknes.com;09/10/2025
emporiumpost.com;09/10/2025
emprendices.co;09/10/2025
empresariales.eu;09/10/2025
emsf-lisboa.pt;09/10/2025
energydaily.co.kr;09/10/2025
enertopianews.co.kr;09/10/2025
enews.co.in;09/10/2025
enterhollywood.com;09/10/2025
enteromed.co.uk;09/10/2025
enterprisegrain.com;09/10/2025
entertainmentcityph.com;09/10/2025
enterwicked.com;09/10/2025
entrepo.co.za;09/10/2025
entreriosya.com.ar;09/10/2025
envinews.co.kr;09/10/2025
enwan.com;09/10/2025
eodishasamachar.com;09/10/2025
ep-bd.com;09/10/2025
erapiara.ru;09/10/2025
eseconomicas.com;09/10/2025
eseoulpost.net;09/10/2025
esnews.club;09/10/2025
espaciosweb.eu;09/10/2025
espanadaily.com;09/10/2025
espanoldaily.com;09/10/2025
espanolnoticias.com;09/10/2025
estetica.kr;09/10/2025
estimatix.ru;09/10/2025
etnet.com.hk;09/10/2025
euleader.org;09/10/2025
europaeiner.com;09/10/2025
europapress.es;09/10/2025
europeanbusinessmagazine.com;09/10/2025
eutimes.fr;09/10/2025
eventph.com;09/10/2025
eventsnewsasia.com;09/10/2025
evernews.co.kr;09/10/2025
exactlynews.com;09/10/2025
exblog.jp;09/10/2025
excite.co.jp;09/10/2025
exhibitordaily.com;09/10/2025
expbiz.ru;09/10/2025
expertfeatures.com;09/10/2025
experts-say.ru;09/10/2025
expressnews.co.kr;09/10/2025
eyeofdubai.ae;09/10/2025
eyeofriyadh.com;09/10/2025
faceacadiana.com;09/10/2025
facilityaxs.net;09/10/2025
factn.co.kr;09/10/2025
fair-news.de;09/10/2025
fairviewpost.com;09/10/2025
fangchandaily.com;09/10/2025
fangchanhome.com;09/10/2025
fangchantimes.com;09/10/2025
fangchanweekly.com;09/10/2025
fanpiece.com;09/10/2025
farmerscoopelevator.com;09/10/2025
farmerseande.com;09/10/2025
farmersexchangecoop.com;09/10/2025
farmersgrainelevator.com;09/10/2025
farmvilleherald.com;09/10/2025
fashionnet.fr;09/10/2025
fashionvintage.be;09/10/2025
fatpitchfinancials.com;09/10/2025
favinf.ru;09/10/2025
fayettevilleconnect.com;09/10/2025
fc2.com;09/10/2025
feedsfloor.com;09/10/2025
ferrovelho.com;09/10/2025
fetch-soft.ru;09/10/2025
fftribune.com;09/10/2025
fgcroseville.com;09/10/2025
financedigest360.online;09/10/2025
financedigest365.online;09/10/2025
financefiesta.ink;09/10/2025
financeflare.ink;09/10/2025
financefocus.fun;09/10/2025
financefrontline.wiki;09/10/2025
financejapan.space;09/10/2025
financejunction.fun;09/10/2025
financekorea.space;09/10/2025
financenewsworld.com;09/10/2025
financepulse360.online;09/10/2025
financepulse365.online;09/10/2025
financereality.ru;09/10/2025
financevista.space;09/10/2025
financialchronicle.fun;09/10/2025
financialcontent.com;09/10/2025
financialedge365.online;09/10/2025
financialpeak.site;09/10/2025
financialpost.com;09/10/2025
financialscope.space;09/10/2025
financiereinfo.fr;09/10/2025
finanzen.net;09/10/2025
finanznachrichten.de;09/10/2025
finditinpuertorico.com;09/10/2025
findmoscow.com;09/10/2025
fine-promotion.ru;09/10/2025
finforum.co.za;09/10/2025
finlandweekly.com;09/10/2025
fintalk.co.za;09/10/2025
firmengate.com;09/10/2025
firmenpresse.de;09/10/2025
first.coop;09/10/2025
fitness4all.pt;09/10/2025
flefllynews.com;09/10/2025
flip.it;09/10/2025
floridanewsreporter.com;09/10/2025
fltimes.com;09/10/2025
focusi.co.kr;09/10/2025
focusmalaysia.my;09/10/2025
folhadomate.com;09/10/2025
fonolive.com;09/10/2025
forestagriservices.com;09/10/2025
forevernews.in;09/10/2025
forex100academy.com;09/10/2025
forincs.com;09/10/2025
fortmcmurraytoday.com;09/10/2025
fortsaskatchewanrecord.com;09/10/2025
fortunetime.us;09/10/2025
fortuneweek.com;09/10/2025
fotokto.ru;09/10/2025
fourthpillarnews.com;09/10/2025
fowlerequity.com;09/10/2025
fox21news.com;09/10/2025
fox2now.com;09/10/2025
fox40.com;09/10/2025
fox4kc.com;09/10/2025
fox59.com;09/10/2025
fox5sandiego.com;09/10/2025
fox8.com;09/10/2025
francemusiqueimageson.fr;09/10/2025
frankfortonline.com;09/10/2025
franklintownnews.com;09/10/2025
freepressreleasedb.com;09/10/2025
freie-pressemitteilungen.de;09/10/2025
frenchcampgrain.com;09/10/2025
frenchnews.eu;09/10/2025
frenchweekly.com;09/10/2025
fresheye.com;09/10/2025
friendlyparis.com;09/10/2025
frionawheatgrowers.com;09/10/2025
frnewsfeed.com;09/10/2025
froneplus.com;09/10/2025
frontalreport.com;09/10/2025
frontlinedaily.com;09/10/2025
fuelsandlubes.com;09/10/2025
fujiyamatimes.com;09/10/2025
fukuishimbun.co.jp;09/10/2025
fukuitoday.com;09/10/2025
fukuoka-ken.com;09/10/2025
futurally.com;09/10/2025
futuresciencetoday.com;09/10/2025
gadgetmtech.com;09/10/2025
gadgets.su;09/10/2025
gadgetsandtech.net;09/10/2025
galvnews.com;09/10/2025
gananoquereporter.com;09/10/2025
gangwonculture.com;09/10/2025
gatescountyindex.com;09/10/2025
gatrixx.com;09/10/2025
gazetebir.com.tr;09/10/2025
gbnconnect.com;09/10/2025
gcaassets.com;09/10/2025
gcachain.com;09/10/2025
gcacompany.com;09/10/2025
gcaexchange.vip;09/10/2025
gcafund.com;09/10/2025
gcagca.com;09/10/2025
gcainvest.net;09/10/2025
gcapay.club;09/10/2025
gcapayment.com;09/10/2025
gcaszzc.com;09/10/2025
gcazichan.com;09/10/2025
gempakmedia.com;09/10/2025
gemucube.com;09/10/2025
georgianewsdesk.com;09/10/2025
germanyfinancial.eu;09/10/2025
gethealthaccess.com;09/10/2025
getyourpros.com;09/10/2025
gibnews.kr;09/10/2025
giftshop.in.th;09/10/2025
gig.hk;09/10/2025
gimpo.com;09/10/2025
ginzadaily.com;09/10/2025
gisf.hk;09/10/2025
gitecc.com;09/10/2025
glamandfashionnews.com;09/10/2025
glamorousnews.com;09/10/2025
glasgowtr.com;09/10/2025
glendenninggrainandsoil.com;09/10/2025
glenwoodelevator.com;09/10/2025
globalcatalog.com;09/10/2025
globaldyrectory.com;09/10/2025
globalnewswire.wiki;09/10/2025
globaltechnologyreport.com;09/10/2025
globalvillagespace.com;09/10/2025
globenewswire.com;09/10/2025
glowbi.net;09/10/2025
gnbednews.net;09/10/2025
go-with-us.de;09/10/2025
goalal3rb.com;09/10/2025
gocoopok.com;09/10/2025
goderichsignalstar.com;09/10/2025
gogagah.com;09/10/2025
gomalaysia.info;09/10/2025
goo.ne.jp;09/10/2025
goodnewsi.com;09/10/2025
google.com;09/10/2025
google.com.hk;09/10/2025
gorodbusiness.com;09/10/2025
gotojp.club;09/10/2025
gowanlea.com;09/10/2025
grainlandcooperative.com;09/10/2025
gratispersberichtplaatsen.nl;09/10/2025
greatnews.com.tw;09/10/2025
greencitylivestock.com;09/10/2025
greenvilleadvocate.com;09/10/2025
greenvillebusinessmag.com;09/10/2025
greetingdaily.com;09/10/2025
greybrucethisweek.ca;09/10/2025
gritdaily.com;09/10/2025
guberniya.info;09/10/2025
guide-du-shopping.be;09/10/2025
gulfcoastcoop.com;09/10/2025
gulfmainmagazine.com;09/10/2025
gumroad.com;09/10/2025
guymondailyherald.com;09/10/2025
gwangjuedu.com;09/10/2025
gyeonggidaily.com;09/10/2025
gyeongpe.com;09/10/2025
gyunggijh.co.kr;09/10/2025
h-dmc.net;09/10/2025
haberdaily.com;09/10/2025
hadaily.com;09/10/2025
haixunpr.net;09/10/2025
haixunpress.club;09/10/2025
haixunpress.com;09/10/2025
haixunpress.ltd;09/10/2025
haixunpress.net;09/10/2025
haixunpress.online;09/10/2025
haixunpress.org;09/10/2025
haixunpress.site;09/10/2025
haixunpress.store;09/10/2025
haixunpress.top;09/10/2025
haixunpress.vip;09/10/2025
haixunpress.xyz;09/10/2025
haixunshe.net;09/10/2025
haixunshe.org;09/10/2025
haixunshe.vip;09/10/2025
halloindianews.in;09/10/2025
hanaronews.kr;09/10/2025
hanbatilbo.com;09/10/2025
hanidaily.com;09/10/2025
hannaherald.com;09/10/2025
hannapress.com;09/10/2025
hanoipr.com;09/10/2025
hapskorea.com;09/10/2025
harbingertimes.com;09/10/2025
harlandaily.com;09/10/2025
harrisburgnewsnow.com;09/10/2025
hartfordnewsreporter.com;09/10/2025
hashtag.net.au;09/10/2025
hashtap.com;09/10/2025
hatenablog.com;09/10/2025
hattiesburg.com;09/10/2025
hawaiinewsupdates.com;09/10/2025
hbspecialties.com;09/10/2025
hc360.com;09/10/2025
headlinesoftoday.com;09/10/2025
headsdaily.com;09/10/2025
headtopics.com;09/10/2025
healthcareinnovationsummit.co.za;09/10/2025
healthfocus.co.kr;09/10/2025
healthglu.com;09/10/2025
healthmedicaldaily.com;09/10/2025
heartofmalaysia.com;09/10/2025
helenanewsheadlines.com;09/10/2025
hemmergrain.com;09/10/2025
heraldchronicle.com;09/10/2025
heraldstandard.com;09/10/2025
herrimanjournal.com;09/10/2025
hfgtrip.com;09/10/2025
hg-times.com;09/10/2025
high-ratings.ru;09/10/2025
highrivertimes.com;09/10/2025
hinet.net;09/10/2025
hipntrendy.com;09/10/2025
hispanidad.com;09/10/2025
hkbrowse.com;09/10/2025
hkchacha.com;09/10/2025
hkcrunch.com;09/10/2025
hkcryptonews.wiki;09/10/2025
hkdaily.net;09/10/2025
hkdnews.kr;09/10/2025
hklisting.top;09/10/2025
hknewsdigest.online;09/10/2025
hknewsportal.online;09/10/2025
hknewspost.online;09/10/2025
hknewswire.space;09/10/2025
hkrxw.com;09/10/2025
hksilicon.com;09/10/2025
hktvw.com;09/10/2025
hnsori.co.kr;09/10/2025
hokkaido-np.co.jp;09/10/2025
hokkaidotr.com;09/10/2025
holidays-in-belgium.be;09/10/2025
holladayjournal.com;09/10/2025
hollistontownnews.com;09/10/2025
hollywoodinfive.com;09/10/2025
holmesagro.com;09/10/2025
home.blog;09/10/2025
hongkongpr.com;09/10/2025
honolulunewsnow.com;09/10/2025
hookerequitycoop.com;09/10/2025
hopedaletownnews.com;09/10/2025
hopetribune.com;09/10/2025
hotelier-indonesia.com;09/10/2025
hotintaiwan.com;09/10/2025
hottopicstoday.site;09/10/2025
houstonnews.net;09/10/2025
hpility.sg;09/10/2025
hr.asia;09/10/2025
hrhub.my;09/10/2025
htsyndication.com;09/10/2025
htv10.tv;09/10/2025
huabeidaily.com;09/10/2025
huanbaonews.com;09/10/2025
huanqiu.com;09/10/2025
huanqiuyiyao.com;09/10/2025
huaxiatrips.com;09/10/2025
hub-nz.com;09/10/2025
hullfeed.com;09/10/2025
humsub.com.pk;09/10/2025
hunting-pr.ru;09/10/2025
hurriyetbusiness.com;09/10/2025
hyundaenews.com;09/10/2025
i-busines.ru;09/10/2025
ians.in;09/10/2025
iberonews.com;09/10/2025
ibj.tw;09/10/2025
iconiclady.com;09/10/2025
iculturenews.com;09/10/2025
idafarmers.com;09/10/2025
idahonewsupdates.com;09/10/2025
idbisnis.org;09/10/2025
ideconomy.com;09/10/2025
idedu.club;09/10/2025
idinfomation.com;09/10/2025
idnewszone.com;09/10/2025
idtv.club;09/10/2025
ifeng.com;09/10/2025
igj.co.kr;09/10/2025
iiga.news;09/10/2025
iinpaper.co.kr;09/10/2025
ikoreadaily.co.kr;09/10/2025
illinoisnewsdesk.com;09/10/2025
ilpn.kr;09/10/2025
imanila.net;09/10/2025
imenno.ru;09/10/2025
inar.de;09/10/2025
incheonfocus.com;09/10/2025
incheonnews.com;09/10/2025
indepthscience.com;09/10/2025
indexeconomic.com;09/10/2025
indiacitynews.in;09/10/2025
indiaempire.com;09/10/2025
indianaheadlines.com;09/10/2025
indianapolisnews.net;09/10/2025
indo-beat.com;09/10/2025
indoinquirer.com;09/10/2025
indonesiafolk.com;09/10/2025
indonesiamerchant.com;09/10/2025
indonews.id;09/10/2025
indonewswire.com;09/10/2025
infocastfn.com;09/10/2025
infocilento.it;09/10/2025
infocommguide.com;09/10/2025
infofinanciere.fr;09/10/2025
infomarket.cz;09/10/2025
infonex.ru;09/10/2025
informazione.it;09/10/2025
informer.com;09/10/2025
infoseek.co.jp;09/10/2025
infosurdiario.com.ar;09/10/2025
innocentinformation.com;09/10/2025
inpoup.com;09/10/2025
inrealworld.com;09/10/2025
insideout.vn;09/10/2025
insightth.com;09/10/2025
insources.ru;09/10/2025
inspectnews.com;09/10/2025
instagram.com;09/10/2025
intellasia.net;09/10/2025
intelligenceinfo.in;09/10/2025
intelligencer.ca;09/10/2025
interior.in.th;09/10/2025
intermountainbeef.com;09/10/2025
internasionalkini.com;09/10/2025
internet-news-spion.de;09/10/2025
intheheadline.com;09/10/2025
intopic.it;09/10/2025
investinsight.wiki;09/10/2025
investlighthouse.online;09/10/2025
investmentchampions.site;09/10/2025
investorsics.net;09/10/2025
investorsobserver.com;09/10/2025
inyoregister.com;09/10/2025
iotsdaily.com;09/10/2025
iowafarmbureau.com;09/10/2025
iowanewsheadlines.com;09/10/2025
iqstock.news;09/10/2025
iqstockmarket.com;09/10/2025
iraqdailyjournal.com;09/10/2025
irontontribune.com;09/10/2025
is-moskvy.ru;09/10/2025
isenp.co.jp;09/10/2025
ishanews.in;09/10/2025
italiafinanziarie.com;09/10/2025
itbiznews.com;09/10/2025
itbusinessnet.com;09/10/2025
itespresso.es;09/10/2025
itnewsonline.com;09/10/2025
itqichedaily.com;09/10/2025
iwaishin.com;09/10/2025
j-cast.com;09/10/2025
j-town.net;09/10/2025
jacksonnewsreporter.com;09/10/2025
jakartaglob.com;09/10/2025
jakartaglobe.org;09/10/2025
jakartapost.org;09/10/2025
jamesvalleygrain.com;09/10/2025
jamnum.com;09/10/2025
janiqueel.com;09/10/2025
japanlives.net;09/10/2025
japannewsdigest.online;09/10/2025
japannewsportal.online;09/10/2025
japannewspost.online;09/10/2025
japansankei.com;09/10/2025
jbcka.com;09/10/2025
jbpost.co.kr;09/10/2025
jcnnewswire.com;09/10/2025
jctimes.co.kr;09/10/2025
jeffersoncityheadlines.com;09/10/2025
jejuinnews.co.kr;09/10/2025
jejunews.biz;09/10/2025
jejusidae.com;09/10/2025
jejutr.com;09/10/2025
jeontoday.com;09/10/2025
jessaminejournal.com;09/10/2025
jetoday.net;09/10/2025
jewdaily.com;09/10/2025
jewellgrain.com;09/10/2025
jewishlink.news;09/10/2025
jiangkangol.com;09/10/2025
jiaoyudaily.com;09/10/2025
jiaoyujingji.com;09/10/2025
jiaoyuweekly.com;09/10/2025
jiarenol.com;09/10/2025
jigsy.com;09/10/2025
jijidaily.com;09/10/2025
jingjiinfo.com;09/10/2025
jingjikuaixun.com;09/10/2025
jldnews.co.kr;09/10/2025
jlyngrains.com;09/10/2025
jnellyns.org;09/10/2025
jnuri.net;09/10/2025
jobine247.com;09/10/2025
joinsdaily.com;09/10/2025
jomo-news.co.jp;09/10/2025
jornalmontesclaros.com.br;09/10/2025
jorudan.co.jp;09/10/2025
jotup.co;09/10/2025
journal.com.ph;09/10/2025
journey-time.ru;09/10/2025
joyfreepress.com;09/10/2025
jpdaily.org;09/10/2025
jpnews.club;09/10/2025
jprime.jp;09/10/2025
judgefarms.com;09/10/2025
juneaunewsupdates.com;09/10/2025
jungbunews.com;09/10/2025
jurnalid.com;09/10/2025
justsaying.asia;09/10/2025
k-popped.com;09/10/2025
kachenews.com;09/10/2025
kahoku.news;09/10/2025
kanagawa-ken.com;09/10/2025
kanerepublican.com;09/10/2025
kansascitypost.com;09/10/2025
kansasnewsheadlines.com;09/10/2025
karatzas.be;09/10/2025
karimuntoday.com;09/10/2025
kayakaway.com;09/10/2025
kayburn.blog;09/10/2025
kazanculture.com;09/10/2025
keepter.ru;09/10/2025
kejiweekly.com;09/10/2025
kellergrain.com;09/10/2025
kenbridgevictoriadispatch.com;09/10/2025
kenoraminerandnews.com;09/10/2025
kentuckynewsdesk.com;09/10/2025
kgnews.net;09/10/2025
khaleejnow.com;09/10/2025
kickconnect.org;09/10/2025
kidshubdaily.com;09/10/2025
kincardinenews.com;09/10/2025
kingsoft.jp;09/10/2025
kingstonthisweek.com;09/10/2025
kitchenware.in.th;09/10/2025
kitepunye.com;09/10/2025
kjjyxxw.com;09/10/2025
klexplore.com;09/10/2025
klikmania.net;09/10/2025
klweek.com;09/10/2025
knpnews.com;09/10/2025
knytv.com;09/10/2025
koenergy.co.kr;09/10/2025
koltcountry.com;09/10/2025
kopiandproperty.com;09/10/2025
korea.com;09/10/2025
koreajn.co.kr;09/10/2025
kotovse.ru;09/10/2025
kreconomy.com;09/10/2025
krectimes.com;09/10/2025
krittimes.com;09/10/2025
krpopstar.com;09/10/2025
krugerkinderhuis.co.za;09/10/2025
ksdaily.co.kr;09/10/2025
ksjchnews.com;09/10/2025
ktsonchain.com;09/10/2025
kulpr.com;09/10/2025
kwanews.com;09/10/2025
kyeonggi.com;09/10/2025
kyodo-d.jp;09/10/2025
kyodo.co.jp;09/10/2025
kyodonewsprwire.jp;09/10/2025
kyoto-np.co.jp;09/10/2025
kyourc.com;09/10/2025
lagrangenews.com;09/10/2025
lakeshoreadvance.com;09/10/2025
lanacion.com.ar;09/10/2025
langfarms.com;09/10/2025
lansingnewsnow.com;09/10/2025
laotiantimes.com;09/10/2025
larepublica.ec;09/10/2025
latestjobnews.in;09/10/2025
latestnewsfinance.com;09/10/2025
latestsharenews.com;09/10/2025
latestusfinancialnews.com;09/10/2025
leaderpost.com;09/10/2025
leaderpub.com;09/10/2025
ledgerlinks.site;09/10/2025
leducrep.com;09/10/2025
lehuatimes.com;09/10/2025
lelezard.com;09/10/2025
lenoxcottongin.com;09/10/2025
leroycoop.coop;09/10/2025
lesyoungfarms.com;09/10/2025
lethbridgeherald.com;09/10/2025
lfdfarmers.com;09/10/2025
lfpress.com;09/10/2025
lhrtimes.com;09/10/2025
li8.ru;09/10/2025
lianxinwen.cn;09/10/2025
libmed.co.za;09/10/2025
libyabizinfo.com;09/10/2025
lickelevator.com;09/10/2025
life-24.com;09/10/2025
life.tw;09/10/2025
lifeponds.com;09/10/2025
lifevoyageurs.com;09/10/2025
lincolnnewsreporter.com;09/10/2025
line.me;09/10/2025
linegroup.in.th;09/10/2025
linkingmy.com;09/10/2025
links-im-internet.de;09/10/2025
LionCityLife.com;09/10/2025
lisboadaily.com;09/10/2025
littlerockchronicle.com;09/10/2025
littlesiouxcornprocessors.com;09/10/2025
liveberita.com;09/10/2025
livedoor.biz;09/10/2025
livenews.co.nz;09/10/2025
livenewsstockmarket.com;09/10/2025
livermore.com;09/10/2025
liverpoolstar.com;09/10/2025
livewirereporter.com;09/10/2025
lobservateur.com;09/10/2025
locbusiness.com;09/10/2025
locdirectory.com;09/10/2025
loclisting.com;09/10/2025
loclists.com;09/10/2025
loclocal.com;09/10/2025
locpages.com;09/10/2025
lometimes.com;09/10/2025
londonclup.com;09/10/2025
londonmercury.com;09/10/2025
lookoutstyle.com;09/10/2025
loritimes.com;09/10/2025
losaltos.com;09/10/2025
losangelesherald.com;09/10/2025
lotusbnews.com;09/10/2025
louisiananewsupdates.com;09/10/2025
louispress.org;09/10/2025
louisvillenews.net;09/10/2025
loupdargent.info;09/10/2025
lowndessignal.com;09/10/2025
lubbockfeeders.com;09/10/2025
lucknowsentinel.com;09/10/2025
lumpurdaily.com;09/10/2025
lunadaily.com;09/10/2025
luvernejournal.com;09/10/2025
luxemburgerwort.com;09/10/2025
lvyouport.com;09/10/2025
lyfestyle.xyz;09/10/2025
macaomorning.com;09/10/2025
macaoweekly.com;09/10/2025
macaubusiness.com;09/10/2025
machronique.com;09/10/2025
madeinpt.club;09/10/2025
madisonheadlines.com;09/10/2025
madriddaily.eu;09/10/2025
magazin-metropolregion.de;09/10/2025
magazinestoday.co.nz;09/10/2025
maggang.com;09/10/2025
magic979wtrg.com;09/10/2025
magnoliastatelive.com;09/10/2025
mainenewsreporter.com;09/10/2025
mainichi.jp;09/10/2025
mak-project.ru;09/10/2025
maktob.com;09/10/2025
malaccastraitdaily.com;09/10/2025
malaybusiness.com;09/10/2025
malaydaily.org;09/10/2025
malayhome.org;09/10/2025
malayip.com;09/10/2025
malaymail.com;09/10/2025
malaynews.club;09/10/2025
malaysiablogger.com;09/10/2025
malaysiacorner.com;09/10/2025
malaysiaglobalbusinessforum.com;09/10/2025
malaysiainternet.my;09/10/2025
malaysianbuzz.com;09/10/2025
malaysiantalks.com;09/10/2025
malaysiaunion.com;09/10/2025
malaysounds.com;09/10/2025
malvern-online.com;09/10/2025
mammothtimes.com;09/10/2025
managethenumbers.com;09/10/2025
manchestertimes.com;09/10/2025
mandy-edge.co.uk;09/10/2025
mangaloremirror.com;09/10/2025
manilapr.com;09/10/2025
manufacturers-news.ru;09/10/2025
market-analysis.ru;09/10/2025
marketerslog.com;09/10/2025
marketfold.com;09/10/2025
marketinsider.vn;09/10/2025
marketmagnify.space;09/10/2025
marketminute.com;09/10/2025
marketnewslatest.com;09/10/2025
marketsanctum.com;09/10/2025
marketscreener.com;09/10/2025
marketwatch.com;09/10/2025
marketwirenews.com;09/10/2025
marocgazette.com;09/10/2025
marylandnewsdesk.com;09/10/2025
maryvilleforum.com;09/10/2025
massachusettschronicle.com;09/10/2025
maverick1023.com;09/10/2025
mayerthorpefreelancer.com;09/10/2025
mazadapharmaguide.com;09/10/2025
mcareol.com;09/10/2025
mccunecoop.com;09/10/2025
mcin.biz;09/10/2025
mdpr.jp;09/10/2025
meadecoop.com;09/10/2025
mechatimes.com;09/10/2025
media-bloom.ru;09/10/2025
mediabrief.com;09/10/2025
mediachinatopics.com;09/10/2025
mediaindo.co.id;09/10/2025
medianet.com.au;09/10/2025
mediarelease.nl;09/10/2025
mediaverse.com.au;09/10/2025
medicinman.net;09/10/2025
medischpersbericht.nl;09/10/2025
medium.com;09/10/2025
megabolsa.com;09/10/2025
meiltoday.com;09/10/2025
melfortjournal.com;09/10/2025
melrosefarmservice.com;09/10/2025
memphissun.com;09/10/2025
menafn.com;09/10/2025
menews.info;09/10/2025
menews247.com;09/10/2025
menit.co.id;09/10/2025
menitone.com;09/10/2025
menlopark.com;09/10/2025
merger.vn;09/10/2025
metallurgydaily.com;09/10/2025
metallurgyglobal.com;09/10/2025
metalsnews.com;09/10/2025
metroseoul.co.kr;09/10/2025
miamimirror.com;09/10/2025
michigannewsupdates.com;09/10/2025
microsmallcap.com;09/10/2025
middleeastdirectory.com;09/10/2025
middlesboronews.com;09/10/2025
midnorthmonitor.com;09/10/2025
midstatefarmerscoop.net;09/10/2025
midvalejournal.com;09/10/2025
midvalleycottongrowers.com;09/10/2025
mijalapa.com;09/10/2025
milanomodaweekly.com;09/10/2025
milfordfreepress.com;09/10/2025
millcreekjournal.com;09/10/2025
millismedwaynews.com;09/10/2025
millvalley.com;09/10/2025
milwaukeenews.net;09/10/2025
mineralsglobal.com;09/10/2025
mingpinshijie.com;09/10/2025
mingxingnews.com;09/10/2025
minneapolisnews.net;09/10/2025
minnesotaheadlines.com;09/10/2025
minotadeprensa.es;09/10/2025
minstercommunitypost.com;09/10/2025
minutoarrecifes.com.ar;09/10/2025
minyanville.com;09/10/2025
minyu-net.com;09/10/2025
miscw.com;09/10/2025
mississippichronicle.com;09/10/2025
missourinews-online.com;09/10/2025
mitchelladvocate.com;09/10/2025
mladafrontadnes.com;09/10/2025
mlbfrancaise.com;09/10/2025
mm-online.ru;09/10/2025
mobile-press.ru;09/10/2025
mobilefokus.com;09/10/2025
mobleygin.com;09/10/2025
mockvanews.ru;09/10/2025
modernaustralian.com;09/10/2025
moneyboosters.space;09/10/2025
moneycompass.com.my;09/10/2025
moneyfm893.sg;09/10/2025
moneyleverage.site;09/10/2025
moneymagnet360.fun;09/10/2025
moneymagnet365.site;09/10/2025
moneyspecial.de;09/10/2025
montananewsonline.com;09/10/2025
montgomerynewsheadlines.com;09/10/2025
montpelierjournal.com;09/10/2025
montrealgazette.com;09/10/2025
montrosegrain.com;09/10/2025
morganvillecoop.com;09/10/2025
morningdispatcher.com;09/10/2025
morningrelease.com;09/10/2025
morningstar.com;09/10/2025
morningthai.com;09/10/2025
moscow.media;09/10/2025
moscowtrail.com;09/10/2025
moscowtv.vip;09/10/2025
motormarvels.fun;09/10/2025
motormomentum.fun;09/10/2025
motormuse.space;09/10/2025
movetoasia.com;09/10/2025
moxy.co.id;09/10/2025
mr-destockage.be;09/10/2025
msaonline.ru;09/10/2025
msn.hk.cn;09/10/2025
mtime.co.kr;09/10/2025
muannews.com;09/10/2025
mulvanecoop.com;09/10/2025
muragon.com;09/10/2025
murrayjournal.com;09/10/2025
musichunt.pro;09/10/2025
muyingdaily.com;09/10/2025
muyingtimes.com;09/10/2025
mvgx.com;09/10/2025
myanmarcelenews.com;09/10/2025
myanmarphotonews.com;09/10/2025
myberkala.com;09/10/2025
mycitynews.org;09/10/2025
mycnpress.com;09/10/2025
myeverydaytech.com;09/10/2025
mykmlk.com;09/10/2025
mymotherlode.com;09/10/2025
myparishnews.com;09/10/2025
myscoop.co.za;09/10/2025
mystarjob.com;09/10/2025
mysugarhousejournal.com;09/10/2025
mytechquest.com;09/10/2025
nabd.com;09/10/2025
nachmedia.com;09/10/2025
nachrichten.net;09/10/2025
nachrichtentop.de;09/10/2025
namdongnews.co.kr;09/10/2025
namnewsnetwork.org;09/10/2025
nantonnews.com;09/10/2025
nanyangdaily.com;09/10/2025
nanyangpost.com;09/10/2025
napaneeguide.com;09/10/2025
napolimoney.com;09/10/2025
napszabadsag.com;09/10/2025
narodnie-metody.ru;09/10/2025
narodnilist.com;09/10/2025
nashvilleherald.com;09/10/2025
nashvillenewsupdates.com;09/10/2025
natchezdemocrat.com;09/10/2025
naticktownnews.com;09/10/2025
nationalpost.com;09/10/2025
naturehomes.co.uk;09/10/2025
natweb.co.za;09/10/2025
naver.com;09/10/2025
navyugsandesh.com;09/10/2025
nayadaur.tv;09/10/2025
nbc4i.com;09/10/2025
nebraskanewsdesk.com;09/10/2025
nederlandsdagblad.com;09/10/2025
nedvizka-v-moskve.ru;09/10/2025
negosentro.com;09/10/2025
nellanotizia.net;09/10/2025
netbusinessdaily.com;09/10/2025
netdace.com;09/10/2025
netinmobiliarias.com.ar;09/10/2025
netongs.com;09/10/2025
netsbay.com;09/10/2025
netstoday.com;09/10/2025
neue-pressemitteilungen.de;09/10/2025
nevadanewsreporter.com;09/10/2025
nevadoeldiario.com;09/10/2025
newdelhitimes.com;09/10/2025
newjerseyheadlines.com;09/10/2025
newmexiconewsreporter.com;09/10/2025
newportvermontdailyexpress.com;09/10/2025
news-it.ru;09/10/2025
news-life.pro;09/10/2025
news-plus.co.kr;09/10/2025
news.blog;09/10/2025
news10.com;09/10/2025
news7.asia;09/10/2025
news8.de;09/10/2025
newsaboutbankingindustry.com;09/10/2025
newsbankok.com;09/10/2025
newsbreak.com;09/10/2025
newsbursts.space;09/10/2025
newschannel.co.kr;09/10/2025
newschannelnebraska.com;09/10/2025
newscircle.ink;09/10/2025
newscraze.fun;09/10/2025
newscrusader.com;09/10/2025
newscurrents.site;09/10/2025
newsdaily.com.au;09/10/2025
newsdeutschland.com;09/10/2025
newsdigest.co.kr;09/10/2025
newsdigest365.online;09/10/2025
newsdot.co.kr;09/10/2025
newsedu.co.kr;09/10/2025
newsfactory.kr;09/10/2025
newsfeedcentral.ink;09/10/2025
newsfever.space;09/10/2025
newsfinder.co.kr;09/10/2025
newsflash360.space;09/10/2025
newsflicker.ink;09/10/2025
newsfront.wiki;09/10/2025
newsfrontline.wiki;09/10/2025
newsglance.ink;09/10/2025
newsgn.com;09/10/2025
newsgs.co.kr;09/10/2025
newshawkonline.com;09/10/2025
newsheadlinesnow.com;09/10/2025
newsherald.space;09/10/2025
newshub365.fun;09/10/2025
newshubasia.com;09/10/2025
newshype.fun;09/10/2025
newsimpress.space;09/10/2025
newsinsidekorea.com;09/10/2025
newsjapan.space;09/10/2025
newsje.com;09/10/2025
newsjunction.space;09/10/2025
newskorea.ink;09/10/2025
newslighthouse.com;09/10/2025
newslinehk.online;09/10/2025
newslinejapan.online;09/10/2025
newslinekorea.online;09/10/2025
newslinkup.space;09/10/2025
newslook.co.kr;09/10/2025
newsmaker.com.au;09/10/2025
newsmax.com;09/10/2025
newsnetmedia.com;09/10/2025
newsnow.co.uk;09/10/2025
newsnowhk.online;09/10/2025
newsok.com;09/10/2025
newsonexpress.com;09/10/2025
newspatrolling.com;09/10/2025
newspicks.com;09/10/2025
newsportal365.ink;09/10/2025
newspronto.com;09/10/2025
newspulse.space;09/10/2025
newspulse360.fun;09/10/2025
newspulse365.space;09/10/2025
newspunchline.online;09/10/2025
newsr.in;09/10/2025
newsradar.space;09/10/2025
newsreign.site;09/10/2025
newsreported.wiki;09/10/2025
newsscoop360.online;09/10/2025
newssphere.fun;09/10/2025
newsspin.fun;09/10/2025
newssplash.ink;09/10/2025
newsthrive.ink;09/10/2025
newstonic.fun;09/10/2025
newstwirl.wiki;09/10/2025
newstwirl365.online;09/10/2025
newswatcher.wiki;09/10/2025
newswave365.space;09/10/2025
newswire.ca;09/10/2025
newswire.co.kr;09/10/2025
newswired.wiki;09/10/2025
newszoomer.online;09/10/2025
newyork-chronicle.com;09/10/2025
newzealandgazette.com;09/10/2025
nextnewtech.com;09/10/2025
nextsportsweb.com;09/10/2025
nezavissimaiagazeta.com;09/10/2025
nftiyu.com;09/10/2025
nhanda.org;09/10/2025
nhlfrancaise.com;09/10/2025
niagatimes.com;09/10/2025
nieuwpersbericht.nl;09/10/2025
nigeriacom.com;09/10/2025
nihondaily.com;09/10/2025
nikkonews.com;09/10/2025
nipawinjournal.com;09/10/2025
nkbt.net;09/10/2025
nmbio.org;09/10/2025
noifias.it;09/10/2025
nordot.app;09/10/2025
nordpromo.ru;09/10/2025
norfolkandtillsonburgnews.com;09/10/2025
norfolkwrenthamnews.com;09/10/2025
northamericanreport.com;09/10/2025
northcarolinaheadlines.com;09/10/2025
northdakota-magazine.com;09/10/2025
northernnews.ca;09/10/2025
northmissourilivestockauction.com;09/10/2025
norwoodtownnews.com;09/10/2025
notadeprensagratis.com;09/10/2025
notaes.net;09/10/2025
notas-d-prensa-gratis.com;09/10/2025
notas-prensa-internet.es;09/10/2025
notcomment.com;09/10/2025
note.com;09/10/2025
noticiasdeinformatica.es;09/10/2025
noticiasvigo.es;09/10/2025
novaparaguay.com;09/10/2025
novascotiatoday.com;09/10/2025
novenews.net;09/10/2025
novieauto.ru;09/10/2025
novostiplaneti.com;09/10/2025
npconline.co.za;09/10/2025
nrchandelsblad.com;09/10/2025
nugget.ca;09/10/2025
nutrition2.asia;09/10/2025
nvinoticias.com;09/10/2025
nwinvestmentsllc.com;09/10/2025
nwtnews.co.kr;09/10/2025
nycmorning.com;09/10/2025
nydailysnews.com;09/10/2025
oaoa.com;09/10/2025
observer-reporter.com;09/10/2025
observernewsonline.com;09/10/2025
obserworld.com;09/10/2025
octoberweekly.com;09/10/2025
offerle.coop;09/10/2025
ohionewsdesk.com;09/10/2025
ohsem.me;09/10/2025
oivietnam.com;09/10/2025
okinawatimes.co.jp;09/10/2025
oklahomacityheadlines.com;09/10/2025
oklahomacitynews.net;09/10/2025
oklahomanews-online.com;09/10/2025
oklandruncoop.net;09/10/2025
olaladirectory.com.au;09/10/2025
oleantimesherald.com;09/10/2025
olympiajournal.com;09/10/2025
omahamagazine.com;09/10/2025
omanbulletin.com;09/10/2025
omegafarmsupply.com;09/10/2025
omgfintech.com;09/10/2025
onenewspage.co.uk;09/10/2025
onenewspage.com;09/10/2025
onenewspage.com.au;09/10/2025
onenewspage.us;09/10/2025
onetechavenue.com;09/10/2025
online-news-portal.de;09/10/2025
online-persberichten.nl;09/10/2025
online-text.com;09/10/2025
onlinesharemarketnews.com;09/10/2025
ontariofarmer.com;09/10/2025
onvista.de;09/10/2025
open-press.info;09/10/2025
open-press.ru;09/10/2025
openpr.de;09/10/2025
opensourceforu.com;09/10/2025
optionednews.com;09/10/2025
orangecountysun.com;09/10/2025
orangeleader.com;09/10/2025
oregonnewsheadlines.com;09/10/2025
orientalnewstoday.com;09/10/2025
otonomi.co.id;09/10/2025
otsnews.co.uk;09/10/2025
ottawacitizen.com;09/10/2025
ottawasun.com;09/10/2025
ourdailynewsonline.com;09/10/2025
ourdavie.com;09/10/2025
over-blog.com;09/10/2025
ovietnam.vn;09/10/2025
owensoundsuntimes.com;09/10/2025
owlting.com;09/10/2025
oxfordeagle.com;09/10/2025
p-release.ru;09/10/2025
pacificnews.com.tw;09/10/2025
pagocadena.com;09/10/2025
painongyuan.com;09/10/2025
paljournal.net;09/10/2025
panajournal.com;09/10/2025
panews.com;09/10/2025
panitimes.com;09/10/2025
panolian.com;09/10/2025
parisdaily.org;09/10/2025
parisnews.eu;09/10/2025
parisstaronline.com;09/10/2025
parnas.info;09/10/2025
parrishshop.com;09/10/2025
partneriment.ru;09/10/2025
patrioticdaily.com;09/10/2025
pavelist.com;09/10/2025
pawtuckettimes.com;09/10/2025
pcefloydada.com;09/10/2025
pchome.com.tw;09/10/2025
peacecountrysun.com;09/10/2025
peekintofield.com;09/10/2025
pembrokeobserver.com;09/10/2025
pennsylvania-magazine.com;09/10/2025
penzu.com;09/10/2025
persbericht.nu;09/10/2025
persberichtversturen.net;09/10/2025
personalcaredaily.com;09/10/2025
perspectiveofrussia.com;09/10/2025
petersencustomfarming.ca;09/10/2025
pharmaboardroom.com;09/10/2025
phbiznews.com;09/10/2025
phhit.com;09/10/2025
philadelphianews.net;09/10/2025
philpr.com;09/10/2025
phnewlook.com;09/10/2025
phnotes.com;09/10/2025
phoenixherald.com;09/10/2025
phoenixnewsdesk.com;09/10/2025
photostand.co.za;09/10/2025
phtune.com;09/10/2025
picante.today;09/10/2025
picayuneitem.com;09/10/2025
pierrenewsheadlines.com;09/10/2025
pilotgrovecoop.com;09/10/2025
pinayads.com;09/10/2025
pinchercreekecho.com;09/10/2025
pioneerpublishers.com;09/10/2025
pipstoday.com;09/10/2025
pitchengine.com.au;09/10/2025
pittsburghstar.com;09/10/2025
planetstoryline.com;09/10/2025
planterscoop.com;09/10/2025
plasticsdaily.com;09/10/2025
pleasanton.com;09/10/2025
polanskyseed.com;09/10/2025
pollball.in.th;09/10/2025
ponselku.id;09/10/2025
popcastdaily.com;09/10/2025
popmomdaily.com;09/10/2025
popsocialdaily.com;09/10/2025
portalderwirtschaft.de;09/10/2025
portlandnews.net;09/10/2025
portugaldaily.com;09/10/2025
portuguesnews.com;09/10/2025
post-gazette.com;09/10/2025
postingdaily.com;09/10/2025
postjung.com;09/10/2025
postvn.com;09/10/2025
poteaudailynews.com;09/10/2025
pr-lead.ru;09/10/2025
pr-pool.ru;09/10/2025
pr-post.ru;09/10/2025
prairiecentralcoop.com;09/10/2025
pre-miya.com;09/10/2025
prebiu.com;09/10/2025
premiumfeedgrain.com;09/10/2025
prensity.com;09/10/2025
prensity.ru;09/10/2025
prenticeelevator.com;09/10/2025
prentissheadlight.com;09/10/2025
presscenter.nl;09/10/2025
pressemitteilung.ws;09/10/2025
presseportal.li;09/10/2025
presslogic.com;09/10/2025
pressmalaysia.com;09/10/2025
pressn.net;09/10/2025
pressofatlanticcity.com;09/10/2025
pressreader.com;09/10/2025
pressvn.com;09/10/2025
pressweb.sk;09/10/2025
primal.asia;09/10/2025
princegeorgepost.com;09/10/2025
printinghouse.in.th;09/10/2025
pristinereport.com;09/10/2025
prnasia.com;09/10/2025
prnewswire.co.uk;09/10/2025
prnewswire.com;09/10/2025
proagfarmers.com;09/10/2025
proagmarketing.com;09/10/2025
professionalagmarketing.com;09/10/2025
profitandcost.com;09/10/2025
profitpundits.space;09/10/2025
prohitech.ru;09/10/2025
promorapid.com;09/10/2025
propertiterkini.com;09/10/2025
propertyaspectsmagazine.co.uk;09/10/2025
propertyfindsasia.com;09/10/2025
prostotech.com;09/10/2025
provencedaily.com;09/10/2025
providenceheadlines.com;09/10/2025
prrecordgazette.com;09/10/2025
ptdaily.eu;09/10/2025
ptdrivers.com;09/10/2025
ptjornal.club;09/10/2025
ptlojas.net;09/10/2025
ptnews.club;09/10/2025
ptnewslive.com;09/10/2025
pttour.vip;09/10/2025
pttv.eu;09/10/2025
publicists.ru;09/10/2025
publicvibe.com;09/10/2025
publishernews.Ru;09/10/2025
pulse.ng;09/10/2025
punkincentergin.com;09/10/2025
punxsutawneyspirit.com;09/10/2025
pusulagazetesi.com.tr;09/10/2025
puzl.com;09/10/2025
pwnews.co.kr;09/10/2025
q8dailynews.com;09/10/2025
qatardaily.org;09/10/2025
qichejingji.com;09/10/2025
qichetimes.com;09/10/2025
qicheweekly.com;09/10/2025
qingnianyule.com;09/10/2025
qiyejingji.com;09/10/2025
quamnet.com;09/10/2025
quebecnews.net;09/10/2025
qupite.ru;09/10/2025
raduga-45.ru;09/10/2025
raidowien.com;09/10/2025
rainbownewsline.com;09/10/2025
rakuten.co.jp;09/10/2025
rakyatmerdeka.co.id;09/10/2025
raleighnewsnow.com;09/10/2025
raleightimes.com;09/10/2025
ramarama.my;09/10/2025
randdaily.com;09/10/2025
rangeland.coop;09/10/2025
rankia.cl;09/10/2025
rankia.co;09/10/2025
rankia.com;09/10/2025
rankia.com.ar;09/10/2025
rankia.mx;09/10/2025
rankia.pe;09/10/2025
rankia.us;09/10/2025
ranya.in.th;09/10/2025
ratemetr.ru;09/10/2025
rbbtoday.com;09/10/2025
re-port.ru;09/10/2025
readawrite.com;09/10/2025
realty-key.ru;09/10/2025
recentdiscovery.com;09/10/2025
recorder.ca;09/10/2025
reddit.com;09/10/2025
redpres.com;09/10/2025
redshiftdaily.com;09/10/2025
reedtradex.co.th;09/10/2025
refinancedaily.com;09/10/2025
regiozpravy.cz;09/10/2025
register-herald.com;09/10/2025
remsencoop.com;09/10/2025
rentry.co;09/10/2025
replaywall.com;09/10/2025
reporternside.com;09/10/2025
reporterpass.com;09/10/2025
researchnews.or.kr;09/10/2025
retailtechinnovationhub.com;09/10/2025
rewind1019.com;09/10/2025
rewindmymusic.com;09/10/2025
rhodeislandchronicle.com;09/10/2025
ria.city;09/10/2025
riaugreen.com;09/10/2025
riauheadline.com;09/10/2025
ricentral.com;09/10/2025
richmondnewsnow.com;09/10/2025
rickettgrain.com;09/10/2025
ridgwayrecord.com;09/10/2025
ringneckenergy.com;09/10/2025
ritzausbureau.com;09/10/2025
rivertonjournal.com;09/10/2025
riyadhkey.com;09/10/2025
rkmgrain.com;09/10/2025
rmtcityfr.com;09/10/2025
roaanews.com.sa;09/10/2025
roadracers.fun;09/10/2025
roadrebels.space;09/10/2025
roadriders.fun;09/10/2025
roadroamers.fun;09/10/2025
roadrunners.fun;09/10/2025
roanoke-chowannewsherald.com;09/10/2025
roanokefarmers.com;09/10/2025
rolfsuey.com;09/10/2025
rollingacresgrain.com;09/10/2025
rollinghillsgin.com;09/10/2025
romajournal.org;09/10/2025
romaniaweekly.com;09/10/2025
rooview.in;09/10/2025
rosholtelevator.com;09/10/2025
rossbiz.ru;09/10/2025
rostovlife.com;09/10/2025
rpafarmers.com;09/10/2025
rss.plus;09/10/2025
rswliving.com;09/10/2025
ru24.net;09/10/2025
rubberweekly.com;09/10/2025
rubricnews.com;09/10/2025
rubusiness.club;09/10/2025
rudigitalnews.com;09/10/2025
ruindustrial.com;09/10/2025
rumilitary.com;09/10/2025
runews.vip;09/10/2025
russia24.pro;09/10/2025
russiabbs.com;09/10/2025
russiadaily.org;09/10/2025
russiansnews.com;09/10/2025
ruxuekaoshi.com;09/10/2025
sacramentonews-online.com;09/10/2025
sada-ar.com;09/10/2025
sagunin.com;09/10/2025
sahafahn.net;09/10/2025
saigonbiz.com.vn;09/10/2025
sainskini.com;09/10/2025
saintimes.com;09/10/2025
saintpaulchronicle.com;09/10/2025
saitama-ken.com;09/10/2025
sakigake.jp;09/10/2025
sale-boost.ru;09/10/2025
salemgrain.com;09/10/2025
salemnewsheadlines.com;09/10/2025
salisburypost.com;09/10/2025
saltlakecityheadlines.com;09/10/2025
saltlakecitysun.com;09/10/2025
samaraindustry.com;09/10/2025
samdanews.com;09/10/2025
sananselmo.com;09/10/2025
sandbcattle.com;09/10/2025
sandiegonews.net;09/10/2025
sandyjournal.com;09/10/2025
sanfranciscostar.com;09/10/2025
sangritimes.com;09/10/2025
sanjosenews.net;09/10/2025
sankei.co.jp;09/10/2025
sannichi.co.jp;09/10/2025
sanrafael.com;09/10/2025
sanspo.com;09/10/2025
santaclara.com;09/10/2025
santafenewsonline.com;09/10/2025
sargeantgrain.com;09/10/2025
sarniathisweek.com;09/10/2025
saudidailyrecord.net;09/10/2025
saudipaper.org;09/10/2025
saudiweekly.com;09/10/2025
saultstar.com;09/10/2025
saultthisweek.com;09/10/2025
sausalito.com;09/10/2025
sbetv.co.kr;09/10/2025
scatolepiene.it;09/10/2025
scfmco.com;09/10/2025
schoolanews.in;09/10/2025
schrammfeedlot.net;09/10/2025
scienceoftheworld.com;09/10/2025
sciencetechtoday.com;09/10/2025
sciencethread.com;09/10/2025
scienfinite.com;09/10/2025
scitechanddigital.news;09/10/2025
scitechbiznews.com;09/10/2025
scnow.com;09/10/2025
scoop.co.nz;09/10/2025
scoop.it;09/10/2025
scoopasia.com;09/10/2025
sdeconews.com;09/10/2025
SEAChronicle.com;09/10/2025
seaforthhuronexpositor.com;09/10/2025
seanewsdesk.com;09/10/2025
seanewswire.com;09/10/2025
seasiabiz.com;09/10/2025
seatickers.com;09/10/2025
seatribune.com;09/10/2025
seattlebulletin.com;09/10/2025
secrets-de-comment.com;09/10/2025
selling-point.ru;09/10/2025
selmatimesjournal.com;09/10/2025
seminarthailand.com;09/10/2025
sendaishimbun.com;09/10/2025
seotools.jp;09/10/2025
seouldaily.org;09/10/2025
seoulpr.com;09/10/2025
serv-time.ru;09/10/2025
sgilbo.kr;09/10/2025
shareinvestor.com;09/10/2025
sharemarketnewslive.com;09/10/2025
sharemarketnewspaper.com;09/10/2025
sharemarketsnews.com;09/10/2025
sharepricesnews.com;09/10/2025
shcjnews.com;09/10/2025
shcommodities.com;09/10/2025
shelbycountyreporter.com;09/10/2025
shentonwire.net;09/10/2025
sherbrookerecord.com;09/10/2025
sherwoodparknews.com;09/10/2025
shimotsuke.co.jp;09/10/2025
shopmag.cz;09/10/2025
shopping-guide.be;09/10/2025
shorelinebeacon.com;09/10/2025
shouyoukaifa.com;09/10/2025
siamnews.net;09/10/2025
sibd.com;09/10/2025
sidec.com.my;09/10/2025
siheungjounal.co.kr;09/10/2025
silicon.es;09/10/2025
siliconvalleynews.net;09/10/2025
silveredgecoop.com;09/10/2025
simcoereformer.ca;09/10/2025
sina.com.hk;09/10/2025
sina.com.tw;09/10/2025
sinchew.com.my;09/10/2025
SinchewBusiness.com;09/10/2025
singaporeanbiz.com;09/10/2025
singaporeblockchain.org;09/10/2025
singaporeera.com;09/10/2025
singaporefriendly.com;09/10/2025
singaporeinfomap.com;09/10/2025
singaporenewsblog.com;09/10/2025
singaporenewslive.com;09/10/2025
SingapuraNow.com;09/10/2025
SingdaoPR.com;09/10/2025
SingdaoTimes.com;09/10/2025
sintagmas.com.ar;09/10/2025
siouxlandenergy.com;09/10/2025
sirdaily.com;09/10/2025
sisai.co.kr;09/10/2025
sisanewstime.co.kr;09/10/2025
sisatime.co.kr;09/10/2025
sitiosespana.com;09/10/2025
skenews.kr;09/10/2025
slagaemye.ru;09/10/2025
smartchoices.ru;09/10/2025
smartsavingspro.space;09/10/2025
smdailypress.com;09/10/2025
sme.asia;09/10/2025
smechannels.com;09/10/2025
smithfieldtimes.com;09/10/2025
smore.com;09/10/2025
snittjer.com;09/10/2025
snntv.com;09/10/2025
snyderfarmerscoop.com;09/10/2025
sobilife.com;09/10/2025
socalthrills.com;09/10/2025
soccerout.com;09/10/2025
sociedaccion.com.ar;09/10/2025
soonercoop.com;09/10/2025
southafricatoday.net;09/10/2025
southcarolina-magazine.com;09/10/2025
southdakotachronicle.com;09/10/2025
southernsportstoday.com;09/10/2025
southjordanjournal.com;09/10/2025
southofmetro.com;09/10/2025
southsaltlakejournal.com;09/10/2025
southwestdailynews.com;09/10/2025
sowegacotton.com;09/10/2025
spaintour.club;09/10/2025
spaintv.club;09/10/2025
spartancrop.com;09/10/2025
sphere.social;09/10/2025
sportifynews.com;09/10/2025
sportsolid.com;09/10/2025
spotvnews.co.kr;09/10/2025
springfieldchronicle.com;09/10/2025
sprucegroveexaminer.com;09/10/2025
standard-freeholder.com;09/10/2025
stargazersarchive.com;09/10/2025
starinnews.com;09/10/2025
starjournals.com;09/10/2025
starkvilledailynews.com;09/10/2025
starsgazette.com;09/10/2025
start-partnership.com;09/10/2025
startnews.co.kr;09/10/2025
startup365.fr;09/10/2025
startupindiamagazine.com;09/10/2025
startupnewsasia.com;09/10/2025
startups-gang.com;09/10/2025
state-journal.com;09/10/2025
statelinegrainfeed.com;09/10/2025
statenews.net;09/10/2025
statesmanexaminer.com;09/10/2025
steelprice.co.kr;09/10/2025
stickneyelevator.com;09/10/2025
stillsurge.com;09/10/2025
stlouisstar.com;09/10/2025
stnsports.co.kr;09/10/2025
stockenews.com;09/10/2025
stockfiling.com;09/10/2025
stockstorm.space;09/10/2025
stocktwits.com;09/10/2025
stompthecity.com;09/10/2025
stonestationelevator.com;09/10/2025
stoneybrookelevators.ca;09/10/2025
stonyplainreporter.com;09/10/2025
storekorea.co.kr;09/10/2025
storm24.media;09/10/2025
stptb.org;09/10/2025
stratfordbeaconherald.com;09/10/2025
strathroyagedispatch.com;09/10/2025
straussfeedmill.com;09/10/2025
streetinsider.com;09/10/2025
streetsignals.com;09/10/2025
stthomastimesjournal.com;09/10/2025
stylemg.com;09/10/2025
suarakl.com;09/10/2025
substack.com;09/10/2025
successtipsdaily.com;09/10/2025
suffolknewsherald.com;09/10/2025
sukadi.net;09/10/2025
sukan360.com;09/10/2025
sukankini.com;09/10/2025
sukkube.com;09/10/2025
sumodaily.com;09/10/2025
sunnyvale.com;09/10/2025
superstar.in.th;09/10/2025
suratkhabar.com;09/10/2025
surfspace.nl;09/10/2025
sweetwaterreporter.com;09/10/2025
swissweekly.com;09/10/2025
swisszeitung.com;09/10/2025
swnews.kr;09/10/2025
syokasia.com;09/10/2025
taable.com;09/10/2025
tacu.club;09/10/2025
tacu.info;09/10/2025
tacuasia.com;09/10/2025
tacumarket.com;09/10/2025
tacutrader.com;09/10/2025
tagg.com.au;09/10/2025
taibeitv.com;09/10/2025
taiwan368.com.tw;09/10/2025
taiwannet.com.tw;09/10/2025
taiwannews.com.tw;09/10/2025
taiwanweekly.com;09/10/2025
taleout.com;09/10/2025
tallahasseejournal.com;09/10/2025
tallasseetribune.com;09/10/2025
tangenghui.com;09/10/2025
tannda.net;09/10/2025
taosnews.com;09/10/2025
tatthai.com;09/10/2025
tavesper.tech;09/10/2025
taylorsvillecityjournal.com;09/10/2025
tcgrain.com;09/10/2025
tdailynews.net;09/10/2025
techalook.com.tw;09/10/2025
techbuzzline.online;09/10/2025
techchronicle.fun;09/10/2025
techclips.fun;09/10/2025
techcryption.com;09/10/2025
techdigest360.online;09/10/2025
techdigest365.online;09/10/2025
techfocusnow.online;09/10/2025
techfrenzy.space;09/10/2025
techgrid.fun;09/10/2025
techgurus.fun;09/10/2025
techhype360.online;09/10/2025
techhype365.online;09/10/2025
techincats.com;09/10/2025
techinsideout.co;09/10/2025
techinsights365.space;09/10/2025
techjapan.ink;09/10/2025
techkorea.fun;09/10/2025
techlife.com.tw;09/10/2025
techminded.wiki;09/10/2025
technewsph.com;09/10/2025
technewspoint.com;09/10/2025
technocio.com;09/10/2025
technologydaily.de;09/10/2025
technologyinfo.eu;09/10/2025
technologykr.com;09/10/2025
technow.com.hk;09/10/2025
techphlie.com;09/10/2025
techpulse360.ink;09/10/2025
techradar365.online;09/10/2025
techsavvy360.ink;09/10/2025
techsavvy365.space;09/10/2025
techshapers.site;09/10/2025
techsignin.com;09/10/2025
techslack.com;09/10/2025
techtalkcentral.fun;09/10/2025
techtrends360.wiki;09/10/2025
techvisionary.fun;09/10/2025
tehnika-ludyam.ru;09/10/2025
tehrantelegram.com;09/10/2025
tekkaus.com;09/10/2025
telegra.ph;09/10/2025
telegraph.net.au;09/10/2025
teletype.in;09/10/2025
televisionespana.com;09/10/2025
tempostretto.it;09/10/2025
tennesseeheadlines.com;09/10/2025
texasnewsheadlines.com;09/10/2025
texasproducerscoop.com;09/10/2025
textilesdaily.com;09/10/2025
tfageeks.com;09/10/2025
tflagman.ru;09/10/2025
thaibizdaily.com;09/10/2025
thaicitynews.com;09/10/2025
thailand-business-news.com;09/10/2025
thailandgulf.com;09/10/2025
thailandlatest.com;09/10/2025
thailandtribunal.com;09/10/2025
thailives.com;09/10/2025
thaipetmall.com;09/10/2025
the-miyanichi.co.jp;09/10/2025
theageau.com;09/10/2025
thealphareporter.com;09/10/2025
theantlersamerican.com;09/10/2025
theatlanticreport.com;09/10/2025
theautodaily.com;09/10/2025
thebeaumontnews.ca;09/10/2025
thebudapesttimes.com;09/10/2025
thebudgetreport.com;09/10/2025
thebureauasia.com;09/10/2025
thebuzzreporters.com;09/10/2025
thecharlottegazette.com;09/10/2025
thechronicle-online.com;09/10/2025
thechronicle.net.au;09/10/2025
thecoastlandtimes.com;09/10/2025
thecopenhagenpost.com;09/10/2025
thecourierexpress.com;09/10/2025
thecowboychannel.com;09/10/2025
thecragandcanyon.ca;09/10/2025
thecrimsonreport.com;09/10/2025
thedailyfeeder.com;09/10/2025
thedailyfuturist.com;09/10/2025
thedailymoney.com;09/10/2025
thedailytimes.com;09/10/2025
thedaytimereport.com;09/10/2025
thedevondaily.co.uk;09/10/2025
thedivatoday.com;09/10/2025
theeveningleader.com;09/10/2025
thefarmerselevator.com;09/10/2025
thefemaletimes.com;09/10/2025
thefinalscoreboard.com;09/10/2025
thefinance.sg;09/10/2025
thefinancialcapital.com;09/10/2025
thefinancialmetrics.com;09/10/2025
thefirstdispatch.com;09/10/2025
thegbm.com;09/10/2025
theglobaltribune.com;09/10/2025
theglobeandmail.com;09/10/2025
thegraphicleader.com;09/10/2025
thehansindia.com;09/10/2025
thehealthierweb.com;09/10/2025
thehostingdirectory.com;09/10/2025
thehubnews.net;09/10/2025
theindiannewshub.com;09/10/2025
theindiansun.com.au;09/10/2025
theinsiders.com.au;09/10/2025
theinsuranceshopinc.com;09/10/2025
theinteriorjournal.com;09/10/2025
theiskandarian.com;09/10/2025
theitalianvoice.it;09/10/2025
thejournalistreport.com;09/10/2025
thekenyadaily.com;09/10/2025
thekiamsiaplife.com;09/10/2025
thekoreatimes.org;09/10/2025
thelasvegasnews.net;09/10/2025
theleader.kr;09/10/2025
theleaders-online.com;09/10/2025
theleesvilleleader.com;09/10/2025
thelifevoyager.com;09/10/2025
thelondoner.ca;09/10/2025
theluxurychronicle.com;09/10/2025
themalaysiavoice.com;09/10/2025
themarketnoise.com;09/10/2025
thembnews.com;09/10/2025
themorgannews.com;09/10/2025
themorningherald.com;09/10/2025
themorninglead.com;09/10/2025
thenews.com.pk;09/10/2025
thenewsbee.com;09/10/2025
thenewsbird.com;09/10/2025
thenewsfire.com;09/10/2025
thenewsuniverse.com;09/10/2025
thenextdaily.com;09/10/2025
thenextdiscovery.com;09/10/2025
thenorthernexpress.com;09/10/2025
theobserver.ca;09/10/2025
theorlandonews.net;09/10/2025
thepilotnews.com;09/10/2025
thepodcastpark.com;09/10/2025
thepokerdaily.com;09/10/2025
thepost.on.ca;09/10/2025
thepostandmail.com;09/10/2025
thepostsearchlight.com;09/10/2025
theprogressnews.com;09/10/2025
theprovince.com;09/10/2025
thepublicopinion.com;09/10/2025
thereportingtoday.com;09/10/2025
therussiadaily.com;09/10/2025
thesaigontimes.vn;09/10/2025
thesciencebuzz.com;09/10/2025
thescientificjournal.com;09/10/2025
thescoredaily.com;09/10/2025
thesejong.tv;09/10/2025
thesnaponline.com;09/10/2025
thesouthafrican.com;09/10/2025
thesportship.com;09/10/2025
thestarphoenix.com;09/10/2025
thestarstimes.com;09/10/2025
thesudburystar.com;09/10/2025
thesun.net.au;09/10/2025
thesunrisepeak.com;09/10/2025
thesunshinereporter.com;09/10/2025
thetampanews.net;09/10/2025
thetechmusk.com;09/10/2025
thetechtribune.com;09/10/2025
thetechvantage.net;09/10/2025
thethaiedu.com;09/10/2025
thethailands.com;09/10/2025
thethaipaper.com;09/10/2025
thetidewaternews.com;09/10/2025
thetimes.com.au;09/10/2025
thetimesofbengal.com;09/10/2025
thetimesofuae.com;09/10/2025
thetraveltrooper.com;09/10/2025
theuaedaily.com;09/10/2025
theupstocker.com;09/10/2025
theusnews.com;09/10/2025
thewarsawvoice.com;09/10/2025
thewashingtondailynews.com;09/10/2025
thewellnessinsider.asia;09/10/2025
thewellnessinsider.sg;09/10/2025
thewesterntribune.com;09/10/2025
thewetumpkaherald.com;09/10/2025
thewhig.com;09/10/2025
thewitnessdaily.com;09/10/2025
theworldagenda.com;09/10/2025
theworldinsiders.com;09/10/2025
thezigzagworld.com;09/10/2025
thhere.com;09/10/2025
thinkbusinesstoday.com;09/10/2025
thnewson.com;09/10/2025
thnewswire.com;09/10/2025
thongminhapp.com;09/10/2025
threesixtypress.com;09/10/2025
thtruth.com;09/10/2025
thxdaily.com;09/10/2025
tickerhouse.com;09/10/2025
tihongkong.com;09/10/2025
times-online.com;09/10/2025
timesnewswire.com;09/10/2025
timesofjp.com;09/10/2025
timesofsandiego.com;09/10/2025
timesoftheislands.com;09/10/2025
timestech.in;09/10/2025
timetovisithere.com;09/10/2025
timhieuvietnam.vn;09/10/2025
timminspress.com;09/10/2025
timminstimes.com;09/10/2025
tin.media;09/10/2025
tintucfn.com;09/10/2025
tiptipnews.co.kr;09/10/2025
tiyudaily.com;09/10/2025
tiyuweekly.com;09/10/2025
tmcnet.com;09/10/2025
to-portal.com;09/10/2025
todayan.com;09/10/2025
todayinsg.com;09/10/2025
todaysfarmer.ca;09/10/2025
tokenmakers.space;09/10/2025
tokushima-ken.com;09/10/2025
tokyodaily.org;09/10/2025
tomenews.com;09/10/2025
tomorrowsleaders.biz;09/10/2025
tomsnews.de;09/10/2025
top10asia.org;09/10/2025
topeka-magazine.com;09/10/2025
topheadlines.site;09/10/2025
topicnews.de;09/10/2025
topics.or.jp;09/10/2025
topnewsphil.com;09/10/2025
topsportsreviews.com;09/10/2025
topspotmalaysia.com;09/10/2025
toptiercommodities.com;09/10/2025
torinohuman.com;09/10/2025
torontosun.com;09/10/2025
torontotv.net;09/10/2025
tortnews.com;09/10/2025
toti.com;09/10/2025
totimes.ca;09/10/2025
tour-ways.ru;09/10/2025
touristiklounge.de;09/10/2025
touronline.fr;09/10/2025
townhall.com;09/10/2025
toyotimes.com;09/10/2025
toyshobbiesworld.com;09/10/2025
trademarksdaily.com;09/10/2025
tradetraveljournal.com;09/10/2025
trading-house.net;09/10/2025
tradingcharts.com;09/10/2025
tradingview.com;09/10/2025
trainorgrain.com;09/10/2025
tranews.com;09/10/2025
trangcongnghe.com;09/10/2025
tratamento-natural.com;09/10/2025
travel-roads.ru;09/10/2025
travelandtourismnews.com;09/10/2025
traveldailymedia.com;09/10/2025
travelideas.tw;09/10/2025
travelleisuremag.com;09/10/2025
travellersea.com;09/10/2025
travels.media;09/10/2025
travelstylo.com;09/10/2025
tremont.coop;09/10/2025
trendyreporter.com;09/10/2025
trentonchronicle.com;09/10/2025
trentonian.ca;09/10/2025
tribunedegenve.com;09/10/2025
trinitydigest.com;09/10/2025
triplemfarms.us;09/10/2025
tripnewsdaily.com;09/10/2025
trotterinc.com;09/10/2025
troymessenger.com;09/10/2025
tryondailybulletin.com;09/10/2025
ttk-flag.ru;09/10/2025
ttlink.com;09/10/2025
tullahomanews.com;09/10/2025
tulunet.com;09/10/2025
tumblr.com;09/10/2025
tumbral.com;09/10/2025
turbocash.co.za;09/10/2025
turkishdaily.org;09/10/2025
turnerseedinc.com;09/10/2025
turnnewsapp.com;09/10/2025
turonmill.com;09/10/2025
tusmedios.es;09/10/2025
tvbdaily.com;09/10/2025
tvj.co.kr;09/10/2025
tvnewsdaily.com;09/10/2025
tweet.ru;09/10/2025
twitter.com;09/10/2025
twnewmedia.com;09/10/2025
twpowernews.com;09/10/2025
twuko.com;09/10/2025
u4get.com;09/10/2025
uaedigitalnews.com;09/10/2025
uaereview.com;09/10/2025
ubbey.org;09/10/2025
ucinews.kr;09/10/2025
ucoz.ae;09/10/2025
udn.com;09/10/2025
ufnews.co.kr;09/10/2025
ujmadang.com;09/10/2025
uknewshour.com;09/10/2025
ulsanindustry.com;09/10/2025
ulstergrowth.com;09/10/2025
ultimatesportsdaily.com;09/10/2025
ultramate.it;09/10/2025
underwoodgrain.com;09/10/2025
universalnewspoint.com;09/10/2025
unseenews.com;09/10/2025
unspoilednews.com;09/10/2025
uol.com.br;09/10/2025
updatenews.info;09/10/2025
upkorea.net;09/10/2025
uptownstars.com;09/10/2025
urbantechnoobs.com;09/10/2025
us983.com;09/10/2025
usa-lsa.com;09/10/2025
usandcanadareport.com;09/10/2025
usatnews.com;09/10/2025
uscitynews.com;09/10/2025
userwalls.news;09/10/2025
usfinancialnewstoday.com;09/10/2025
usmarketnewslatest.com;09/10/2025
ussharemarkets.com;09/10/2025
utahheadlines.com;09/10/2025
utaraselatan.com;09/10/2025
uvaldecoop.com;09/10/2025
valdostadailytimes.com;09/10/2025
valleyjournals.com;09/10/2025
valleytimes-news.com;09/10/2025
valuebuddies.com;09/10/2025
vancouversun.com;09/10/2025
vehiclesdaily.com;09/10/2025
veneziapost.com;09/10/2025
vermilionstandard.com;09/10/2025
vermontnewsheadlines.com;09/10/2025
vicksburgpost.com;09/10/2025
vietmis.com;09/10/2025
vietnam-business-consulting.com;09/10/2025
vietnamclipping.com;09/10/2025
vietnamfirms.com;09/10/2025
vietnaminsider.vn;09/10/2025
vietnamjournal.net;09/10/2025
vietnamnews.vn;09/10/2025
vietnamstar.net;09/10/2025
vietnamtournet.com;09/10/2025
vietnamvoices.com;09/10/2025
villamedia.nl;09/10/2025
virginianewsdesk.com;09/10/2025
visitviet.com;09/10/2025
vivolist.com;09/10/2025
viw.com.au;09/10/2025
vmoneyhome.com;09/10/2025
vndaily.org;09/10/2025
vneconmic.com;09/10/2025
vneconomy.org;09/10/2025
vnexpress.vip;09/10/2025
vnfeatured.com;09/10/2025
vnreporter.com;09/10/2025
vntec.org;09/10/2025
vnwindow.com;09/10/2025
vnwired.com;09/10/2025
voasg.com;09/10/2025
voiceofkl.com;09/10/2025
volgogradpost.com;09/10/2025
volleyballkorea.com;09/10/2025
voozl.com;09/10/2025
voyagetimes.com;09/10/2025
vse-pishut.ru;09/10/2025
vtnay.org;09/10/2025
vulcanadvocate.com;09/10/2025
vulcanpost.com;09/10/2025
vwd.com;09/10/2025
waittgrain.com;09/10/2025
walastech.com;09/10/2025
walkthebiz.com;09/10/2025
walktotheplace.com;09/10/2025
wallaceburgcourierpress.ca;09/10/2025
wallstreet-online.de;09/10/2025
walnutcreekguide.com;09/10/2025
walnutcreekmagazine.com;09/10/2025
walterscoop.com;09/10/2025
wangshangcn.com;09/10/2025
wapakdailynews.com;09/10/2025
wapstat.info;09/10/2025
wardrobetrendsfashion.com;09/10/2025
washington-magazine.com;09/10/2025
washingtoncitypaper.com;09/10/2025
washingtondcnews.net;09/10/2025
waukonfeedranch.com;09/10/2025
wazzup.ph;09/10/2025
wdfxfox34.com;09/10/2025
wdpp.org;09/10/2025
weactgreen.com;09/10/2025
wealthalchemy.wiki;09/10/2025
wealthalerts.site;09/10/2025
wealthchronicles.fun;09/10/2025
wealthhorizons.ink;09/10/2025
wealthpioneers.ink;09/10/2025
wealthstrategieshq.online;09/10/2025
wealthwise365.site;09/10/2025
wealthwizardry.ink;09/10/2025
wealthwonder.ink;09/10/2025
wealthwonders.wiki;09/10/2025
wealthzoom.wiki;09/10/2025
wearexpert.com;09/10/2025
webnewswire.com;09/10/2025
webnoticias.com.ar;09/10/2025
wedbush.com;09/10/2025
weekender.com.sg;09/10/2025
weeklyfame.com;09/10/2025
weeklyhongkong.com;09/10/2025
weeklyrebound.com;09/10/2025
westco.coop;09/10/2025
westjordanjournal.com;09/10/2025
westvirginiachronicle.com;09/10/2025
westwaleschronicle.co.uk;09/10/2025
wetaskiwintimes.com;09/10/2025
whatech.com;09/10/2025
whatsupajman.com;09/10/2025
wheatfieldgrain.com;09/10/2025
whitecourtstar.com;09/10/2025
whlylm.com;09/10/2025
wiartonecho.com;09/10/2025
wicz.com;09/10/2025
wikipec.com;09/10/2025
wilsonfarms.ca;09/10/2025
winchestersun.com;09/10/2025
windsorstar.com;09/10/2025
windsorweekly.com;09/10/2025
winnipegsun.com;09/10/2025
winslowevanscrocker.com;09/10/2025
wisconsinchronicle.com;09/10/2025
wixsite.com;09/10/2025
wiziin.com;09/10/2025
wjhl.com;09/10/2025
wkrg.com;09/10/2025
wlns.com;09/10/2025
wn.com;09/10/2025
wncbusiness.com;09/10/2025
woah.my;09/10/2025
woodstocksentinelreview.ca;09/10/2025
woonsocketcall.com;09/10/2025
wooriy.com;09/10/2025
wordpress.com;09/10/2025
world-gen.com;09/10/2025
worldbizlistings.com;09/10/2025
worldnews.se;09/10/2025
worldsharemarketlive.com;09/10/2025
wpgxfox28.com;09/10/2025
wrde.com;09/10/2025
wtnzfox43.com;09/10/2025
wvb.com;09/10/2025
wvcjournal.com;09/10/2025
wyomingnewsheadlines.com;09/10/2025
xfafinance.com;09/10/2025
xingyiwenyao.com;09/10/2025
xitio.com.ar;09/10/2025
xn--1-twf1a6berbcl7ehc0opah89asb.net;09/10/2025
xn--45-1lclfk1f.xn--p1ai;09/10/2025
xtra1063.com;09/10/2025
y-thai.net;09/10/2025
yaf3press.net;09/10/2025
yahala.com;09/10/2025
yahoosee.com;09/10/2025
yam.com;09/10/2025
yamagata-np.jp;09/10/2025
yamatocore.com;09/10/2025
yarltimes.com;09/10/2025
yasudaily.com;09/10/2025
yayuanchain.com;09/10/2025
yayuancoin.com;09/10/2025
yc-j.kr;09/10/2025
yc24.kr;09/10/2025
ycgmnews.com;09/10/2025
yellobiz.com;09/10/2025
yellowblocks.org;09/10/2025
yemennewstraffic.com;09/10/2025
yenikonya.com.tr;09/10/2025
yingshibagua.com;09/10/2025
yingshikuaixun.com;09/10/2025
yitoday.com;09/10/2025
yolasite.com;09/10/2025
yomanila.com;09/10/2025
youpindaily.com;09/10/2025
your-piter.ru;09/10/2025
yourgin.com;09/10/2025
yournewsnet.com;09/10/2025
youthdaily.in;09/10/2025
youxidaily.com;09/10/2025
youxiweekly.com;09/10/2025
yp.sg;09/10/2025
ystdnews.com;09/10/2025
yuxuetianxia.com;09/10/2025
zaikei.co.jp;09/10/2025
zakzak.co.jp;09/10/2025
zamag.net;09/10/2025
zaobaodaily.com;09/10/2025
zdnet.com;09/10/2025
zgitkj.com;09/10/2025
zhazh.ru;09/10/2025
zhulouwang.com;09/10/2025
znkjb.com;09/10/2025
zonautara.com;09/10/2025